[1656:15272:0717/023809.219:VERBOSE1:components\enterprise\browser\controller\chrome_browser_cloud_management_controller.cc:122] DM token = empty
[1656:15272:0717/023809.219:VERBOSE1:components\enterprise\browser\controller\chrome_browser_cloud_management_controller.cc:128] Enrollment token = 
[1656:15272:0717/023809.219:VERBOSE1:components\enterprise\browser\controller\chrome_browser_cloud_management_controller.cc:129] Client ID = c060850b-d38b-48f0-a198-8ad5303f7fbd
[1656:15272:0717/023809.224:VERBOSE1:components\variations\service\variations_field_trial_creator.cc:83] VariationsSeedUsage:2
[1656:15272:0717/023809.224:VERBOSE1:components\variations\service\variations_field_trial_creator.cc:391] VariationsSetupComplete
[1656:15272:0717/023809.233:VERBOSE1:base\allocator\scheduler_loop_quarantine_config.cc:168] No entry found for browser/global.
[1656:15272:0717/023809.233:VERBOSE1:base\allocator\scheduler_loop_quarantine_config.cc:168] No entry found for browser/*.
[1656:15272:0717/023809.233:VERBOSE1:base\allocator\scheduler_loop_quarantine_config.cc:168] No entry found for /main.
[1656:15272:0717/023809.233:VERBOSE1:base\allocator\scheduler_loop_quarantine_config.cc:168] No entry found for /io.
[1656:15272:0717/023809.259:VERBOSE1:chrome\browser\media\webrtc\webrtc_event_log_manager.cc:126] WebRTC remote-bound event logging enabled.
[1656:15272:0717/023809.272:VERBOSE1:components\proxy_config\pref_proxy_config_tracker_impl.cc:462] 0x544400110680: set chrome proxy config service to 0x5444001701c0
[1656:15272:0717/023809.275:VERBOSE1:components\device_event_log\device_event_log_impl.cc:203] [02:38:09.275] Display: EVENT: screen_win.cc:1043 Displays updated, count: 1
[1656:15272:0717/023809.275:VERBOSE1:components\device_event_log\device_event_log_impl.cc:203] [02:38:09.280] Display: EVENT: screen_win.cc:1045 Display[1] bounds=[0,0 800x600], workarea=[0,0 800x600], scale=1, rotation=0, panel_rotation=0 external detected
[1656:15272:0717/023809.294:VERBOSE1:components\enterprise\browser\controller\chrome_browser_cloud_management_controller.cc:211] Starting CBCM Controller Initialization
[1656:15272:0717/023809.294:INFO:components\enterprise\browser\controller\chrome_browser_cloud_management_controller.cc:239] No machine level policy manager exists.
[1656:15272:0717/023809.294:VERBOSE1:chrome\installer\util\install_util.cc:218] Existing Chrome version found: 150.0.7871.125
[1656:15272:0717/023809.296:VERBOSE1:chrome\browser\enterprise\platform_auth\platform_auth_policy_observer.cc:108] PlatformAuthProviderManager enabled: 0
[1656:15272:0717/023809.300:VERBOSE1:components\policy\core\common\cloud\user_cloud_policy_store.cc:130] [policy_type=google/chrome/user] Initiating immediate policy load from disk
[1656:15272:0717/023809.300:VERBOSE1:components\policy\core\common\cloud\user_cloud_policy_store.cc:233] [policy_type=google/chrome/user] No policy found on disk
[1656:15272:0717/023809.300:VERBOSE1:components\policy\core\common\cloud\user_cloud_policy_store.cc:130] [policy_type=google/extension-install-cloud-policy/chrome/user] Initiating immediate policy load from disk
[1656:15272:0717/023809.300:VERBOSE1:components\policy\core\common\cloud\user_cloud_policy_store.cc:233] [policy_type=google/extension-install-cloud-policy/chrome/user] No policy found on disk
[1656:15272:0717/023809.321:VERBOSE1:components\proxy_config\pref_proxy_config_tracker_impl.cc:462] 0x544400114780: set chrome proxy config service to 0x544400172680
[1656:15272:0717/023809.325:VERBOSE1:components\signin\internal\identity_manager\mutable_profile_oauth2_token_service_delegate.cc:354] MutablePO2TS::MutablePO2TS
[1656:15272:0717/023809.326:VERBOSE1:google_apis\gaia\gaia_auth_util.cc:53] Canonicalized @gmail.com to @gmail.com
[1656:15272:0717/023809.326:VERBOSE1:google_apis\gaia\gaia_auth_util.cc:53] Canonicalized @gmail.com to @gmail.com
[1656:15272:0717/023809.326:VERBOSE1:components\signin\core\browser\account_reconcilor.cc:150] AccountReconcilor::AccountReconcilor
[1656:15272:0717/023809.326:VERBOSE1:components\signin\core\browser\account_reconcilor.cc:180] AccountReconcilor::Initialize
[1656:15272:0717/023809.326:VERBOSE1:components\signin\core\browser\account_reconcilor.cc:231] AccountReconcilor::RegisterWithContentSettings
[1656:15272:0717/023809.326:VERBOSE1:components\signin\core\browser\account_reconcilor.cc:254] AccountReconcilor::RegisterWithIdentityManager
[1656:15272:0717/023809.329:VERBOSE1:components\proxy_config\pref_proxy_config_tracker_impl.cc:462] 0x544400115e40: set chrome proxy config service to 0x544400174440
[1656:15272:0717/023809.330:VERBOSE1:chrome\browser\permissions\prediction_service\prediction_model_handler_provider_factory.cc:61] [PermissionsAI]: PredictionModelHandlerProviderFactory::BuildServiceInstanceForBrowserContext
[1656:15272:0717/023809.330:VERBOSE1:chrome\browser\permissions\prediction_service\prediction_model_handler_provider_factory.cc:98] [PermissionsAI]: PredictionModelHandlerProviderFactory::BuildServiceInstanceForBrowserContext PermissionsAIv4 not enabled, passage embedder not setup.
[1656:15272:0717/023809.330:VERBOSE1:chrome\browser\permissions\prediction_service\prediction_model_handler_provider.cc:55] [PermissionsAI] PredictionModelHandlerProvider ctor passage_embedder available: false
[1656:15272:0717/023809.330:VERBOSE1:chrome\browser\permissions\prediction_service\prediction_model_handler_provider.cc:58] [PermissionsAI] PredictionModelHandlerProvider ctor optimization_guide available: true
[1656:15272:0717/023809.331:VERBOSE1:components\signin\internal\identity_manager\mutable_profile_oauth2_token_service_delegate.cc:460] MutablePO2TS::RefreshTokenIsAvailable
[10460:8796:0717/023809.333:VERBOSE1:base\allocator\scheduler_loop_quarantine_config.cc:168] No entry found for gpu-process/global.
[10460:8796:0717/023809.333:VERBOSE1:base\allocator\scheduler_loop_quarantine_config.cc:168] No entry found for gpu-process/*.
[10460:8796:0717/023809.333:VERBOSE1:base\allocator\scheduler_loop_quarantine_config.cc:168] No entry found for gpu-process/amsc.
[10460:8796:0717/023809.333:VERBOSE1:base\allocator\scheduler_loop_quarantine_config.cc:168] No entry found for gpu-process/main.
[10460:8796:0717/023809.333:VERBOSE1:base\allocator\scheduler_loop_quarantine_config.cc:168] No entry found for gpu-process/io.
[10460:8796:0717/023809.333:VERBOSE1:base\allocator\scheduler_loop_quarantine_config.cc:168] No entry found for gpu-process/main.
[1656:15272:0717/023809.333:VERBOSE1:components\signin\internal\identity_manager\mutable_profile_oauth2_token_service_delegate.cc:460] MutablePO2TS::RefreshTokenIsAvailable
[10500:7908:0717/023809.334:VERBOSE1:base\allocator\scheduler_loop_quarantine_config.cc:168] No entry found for utility.net..workService/global.
[10500:7908:0717/023809.335:VERBOSE1:base\allocator\scheduler_loop_quarantine_config.cc:168] No entry found for utility.netwo..etworkService/*.
[10500:7908:0717/023809.335:VERBOSE1:base\allocator\scheduler_loop_quarantine_config.cc:168] No entry found for utility.netw..tworkService/amsc.
[10500:7908:0717/023809.335:VERBOSE1:base\allocator\scheduler_loop_quarantine_config.cc:168] No entry found for utility/main.
[10500:7908:0717/023809.335:VERBOSE1:base\allocator\scheduler_loop_quarantine_config.cc:168] No entry found for utility/io.
[10500:7908:0717/023809.337:VERBOSE1:base\allocator\scheduler_loop_quarantine_config.cc:168] No entry found for utility.netw..tworkService/main.
[1656:8656:0717/023809.340:VERBOSE1:net\disk_cache\simple\simple_index_file.cc:625] Simple Cache Index is being restored from disk.
[1656:15272:0717/023809.341:VERBOSE1:extensions\browser\extension_registrar.cc:549] AddComponentExtension Chrome PDF Viewer
[1656:15272:0717/023809.341:VERBOSE1:extensions\browser\extension_registrar.cc:551] Component extension Chrome PDF Viewer (mhjfbmdgcfjbbpaeojofohoefgiehjai) installing/upgrading from '' to 1
[1656:9072:0717/023809.341:VERBOSE1:net\disk_cache\simple\simple_index_file.cc:625] Simple Cache Index is being restored from disk.
[1656:15272:0717/023809.341:VERBOSE1:extensions\browser\extension_registrar.cc:549] AddComponentExtension Google Hangouts
[1656:15272:0717/023809.341:VERBOSE1:extensions\browser\extension_registrar.cc:551] Component extension Google Hangouts (nkeimhogjdpnpccoofpliimaahmaaome) installing/upgrading from '' to 1.3.26
[1656:15272:0717/023809.342:VERBOSE1:extensions\browser\extension_registrar.cc:549] AddComponentExtension Google Network Speech
[1656:15272:0717/023809.342:VERBOSE1:extensions\browser\extension_registrar.cc:551] Component extension Google Network Speech (fignfifoniblkonapihmkfakmlgkbkcf) installing/upgrading from '' to 1.0
[1656:15272:0717/023809.344:VERBOSE1:components\signin\internal\identity_manager\mutable_profile_oauth2_token_service_delegate.cc:460] MutablePO2TS::RefreshTokenIsAvailable
[1656:15272:0717/023809.344:VERBOSE1:components\signin\internal\identity_manager\mutable_profile_oauth2_token_service_delegate.cc:460] MutablePO2TS::RefreshTokenIsAvailable
[1656:15272:0717/023809.346:VERBOSE1:components\component_updater\installer_policies\on_device_head_suggest_component_installer.cc:59] On Device Head Component will fetch model for locale: PTBR500000
[1656:15272:0717/023809.346:VERBOSE1:chrome\browser\component_updater\trust_token_key_commitments_component_installer.cc:22] Registering Trust Token Key Commitments component.
[1656:15272:0717/023809.346:VERBOSE1:chrome\browser\component_updater\first_party_sets_component_installer.cc:46] Registering Related Website Sets component.
[1656:15272:0717/023809.346:VERBOSE1:chrome\browser\component_updater\privacy_sandbox_attestations_component_installer.cc:181] Registering Privacy Sandbox Attestations component
[1656:15272:0717/023809.346:VERBOSE1:chrome\browser\component_updater\file_type_policies_component_installer.cc:126] Registering File Type Policies component.
[1656:15272:0717/023809.346:VERBOSE1:chrome\browser\component_updater\hyphenation_component_installer.cc:148] Registering Hyphenation component.
[1656:15272:0717/023809.346:VERBOSE1:components\component_updater\installer_policies\actor_safety_lists_component_installer.cc:140] Registering Actor Safety Lists Component.
[1656:15272:0717/023809.346:VERBOSE1:chrome\browser\component_updater\translate_kit_component_installer.cc:210] Registering TranslateKit component.
[1656:15272:0717/023809.346:VERBOSE1:chrome\browser\component_updater\wasm_tts_engine_component_installer.cc:286] Registering WASM TTS Engine component.
[1656:15272:0717/023809.346:VERBOSE1:chrome\browser\component_updater\captcha_provider_component_installer.cc:175] Registering Captcha Provider component.
[1656:15272:0717/023809.347:VERBOSE1:chrome\browser\profiles\profile_manager.cc:1407] AddKeepAlive(Default, kOffTheRecordProfile). keep_alives=[kWaitingForFirstBrowserWindow (1), kOffTheRecordProfile (1)]
[1656:15272:0717/023809.348:VERBOSE1:chrome\browser\permissions\prediction_service\prediction_model_handler_provider_factory.cc:61] [PermissionsAI]: PredictionModelHandlerProviderFactory::BuildServiceInstanceForBrowserContext
[1656:15272:0717/023809.348:VERBOSE1:chrome\browser\permissions\prediction_service\prediction_model_handler_provider_factory.cc:98] [PermissionsAI]: PredictionModelHandlerProviderFactory::BuildServiceInstanceForBrowserContext PermissionsAIv4 not enabled, passage embedder not setup.
[1656:15272:0717/023809.348:VERBOSE1:chrome\browser\permissions\prediction_service\prediction_model_handler_provider.cc:55] [PermissionsAI] PredictionModelHandlerProvider ctor passage_embedder available: false
[1656:15272:0717/023809.348:VERBOSE1:chrome\browser\permissions\prediction_service\prediction_model_handler_provider.cc:58] [PermissionsAI] PredictionModelHandlerProvider ctor optimization_guide available: true
[1656:15272:0717/023809.350:VERBOSE1:components\proxy_config\pref_proxy_config_tracker_impl.cc:462] 0x544400117ec0: set chrome proxy config service to 0x544400175cc0
[1656:10372:0717/023809.356:VERBOSE1:components\component_updater\component_installer.cc:477] StartRegistration for Privacy Sandbox Attestations
[1656:10372:0717/023809.356:VERBOSE1:components\component_updater\component_installer.cc:312] Preinstalled component found for Privacy Sandbox Attestations at C:\Program Files\Google\Chrome\Application\150.0.7871.125\PrivacySandboxAttestationsPreloaded with version 2025.7.18.0.
[1656:7276:0717/023809.366:VERBOSE1:components\component_updater\component_installer.cc:477] StartRegistration for Chrome Improved Recovery
[1656:12348:0717/023809.367:VERBOSE1:components\component_updater\component_installer.cc:477] StartRegistration for Subresource Filter Rules
[1656:7276:0717/023809.367:VERBOSE1:components\component_updater\component_installer.cc:477] StartRegistration for Widevine Content Decryption Module
[1656:7276:0717/023809.367:VERBOSE1:components\component_updater\component_installer.cc:312] Preinstalled component found for Widevine Content Decryption Module at C:\Program Files\Google\Chrome\Application\150.0.7871.125\WidevineCdm with version 4.10.3050.0.
[1656:8656:0717/023809.370:VERBOSE1:components\component_updater\component_installer.cc:477] StartRegistration for OnDeviceHeadSuggest
[1656:8656:0717/023809.370:VERBOSE1:components\component_updater\component_installer.cc:477] StartRegistration for Optimization Hints
[1656:12256:0717/023809.371:VERBOSE1:components\component_updater\component_installer.cc:477] StartRegistration for Trust Token Key Commitments
[1656:8012:0717/023809.371:VERBOSE1:components\component_updater\component_installer.cc:477] StartRegistration for Certificate Error Assistant
[1656:8656:0717/023809.371:VERBOSE1:components\component_updater\component_installer.cc:477] StartRegistration for File Type Policies
[1656:4104:0717/023809.374:VERBOSE1:components\component_updater\component_installer.cc:477] StartRegistration for CRLSet
[1656:10372:0717/023809.374:VERBOSE1:components\component_updater\component_installer.cc:477] StartRegistration for Origin Trials
[1656:12256:0717/023809.374:VERBOSE1:components\component_updater\component_installer.cc:477] StartRegistration for MEI Preload
[1656:6296:0717/023809.375:VERBOSE1:components\component_updater\component_installer.cc:477] StartRegistration for PKI Metadata
[1656:12256:0717/023809.375:VERBOSE1:components\component_updater\component_installer.cc:312] Preinstalled component found for MEI Preload at C:\Program Files\Google\Chrome\Application\150.0.7871.125\MEIPreload with version 1.0.7.1652906823.
[1656:8012:0717/023809.375:VERBOSE1:components\component_updater\component_installer.cc:477] StartRegistration for Safety Tips
[1656:10372:0717/023809.375:VERBOSE1:components\component_updater\component_installer.cc:477] StartRegistration for Crowd Deny
[1656:6296:0717/023809.376:VERBOSE1:components\component_updater\component_installer.cc:477] StartRegistration for Hyphenation
[2640:14160:0717/023809.376:VERBOSE1:base\allocator\scheduler_loop_quarantine_config.cc:168] No entry found for utility.sto..rageService/global.
[2640:14160:0717/023809.376:VERBOSE1:base\allocator\scheduler_loop_quarantine_config.cc:168] No entry found for utility.stora..torageService/*.
[2640:14160:0717/023809.376:VERBOSE1:base\allocator\scheduler_loop_quarantine_config.cc:168] No entry found for utility.stor..orageService/amsc.
[2640:14160:0717/023809.376:VERBOSE1:base\allocator\scheduler_loop_quarantine_config.cc:168] No entry found for utility/main.
[2640:14160:0717/023809.376:VERBOSE1:base\allocator\scheduler_loop_quarantine_config.cc:168] No entry found for utility/io.
[1656:12256:0717/023809.376:VERBOSE1:components\component_updater\component_installer.cc:477] StartRegistration for Zxcvbn Data Dictionaries
[2640:14160:0717/023809.377:VERBOSE1:base\allocator\scheduler_loop_quarantine_config.cc:168] No entry found for utility.stor..orageService/main.
[1656:8656:0717/023809.377:VERBOSE1:components\component_updater\component_installer.cc:477] StartRegistration for Actor Safety Lists
[1656:10372:0717/023809.377:VERBOSE1:components\component_updater\component_installer.cc:477] StartRegistration for Amount Extraction Heuristic Regexes
[1656:6296:0717/023809.377:VERBOSE1:components\component_updater\component_installer.cc:477] StartRegistration for WASM TTS Engine
[1656:12256:0717/023809.377:VERBOSE1:components\component_updater\component_installer.cc:477] StartRegistration for Captcha Providers
[10460:8796:0717/023809.405:ERROR:ui\gl\direct_composition_support.cc:247] GetGpuDriverOverlayInfo: Failed to retrieve video device
[10460:8796:0717/023809.406:VERBOSE1:components\viz\service\main\viz_main_impl.cc:87] VizNullHypothesis is disabled (not a warning)
[1656:15272:0717/023809.413:VERBOSE1:chrome\browser\ui\views\omnibox\omnibox_popup_closer.cc:65] Closing omnibox popup with reason: kRevertAll
[1656:15272:0717/023809.414:VERBOSE1:chrome\browser\ui\views\omnibox\omnibox_popup_closer.cc:65] Closing omnibox popup with reason: kBrowserWidgetMoved
[10460:8796:0717/023809.426:WARNING:ui\gl\direct_composition_support.cc:1211] QueryInterface to IDCompositionDevice4 failed: Não há suporte para esta interface (0x80004002)
[1656:7592:0717/023809.444:VERBOSE1:extensions\browser\content_verifier\content_verifier.cc:944] OnFetchComplete mhjfbmdgcfjbbpaeojofohoefgiehjai success:0
[1656:7592:0717/023809.444:VERBOSE1:extensions\browser\content_verifier\content_verifier.cc:944] OnFetchComplete nkeimhogjdpnpccoofpliimaahmaaome success:0
[1656:7592:0717/023809.444:VERBOSE1:extensions\browser\content_verifier\content_verifier.cc:944] OnFetchComplete fignfifoniblkonapihmkfakmlgkbkcf success:0
[1656:9072:0717/023809.444:WARNING:chrome\browser\extensions\external_pref_loader.cc:294] You are using an old-style extension deployment method (external_extensions.json), which will soon be deprecated. (see http://developer.chrome.com/docs/extensions/how-to/distribute/install-extensions)
[1656:15272:0717/023809.444:VERBOSE1:chrome\browser\enterprise\data_protection\data_protection_navigation_observer.cc:227] enterprise.data_protection: same document navigation: 0
[1656:15272:0717/023809.444:VERBOSE1:chrome\browser\enterprise\data_protection\data_protection_navigation_observer.cc:229] enterprise.data_protection: URL to scan: https://omarkez-bio-link.vercel.app/
[1656:15272:0717/023809.458:VERBOSE1:chrome\browser\ui\views\omnibox\omnibox_popup_closer.cc:65] Closing omnibox popup with reason: kRevertAll
[13764:15624:0717/023809.462:VERBOSE1:base\allocator\scheduler_loop_quarantine_config.cc:168] No entry found for renderer/global.
[13764:15624:0717/023809.462:VERBOSE1:base\allocator\scheduler_loop_quarantine_config.cc:168] No entry found for renderer/*.
[13764:15624:0717/023809.462:VERBOSE1:base\allocator\scheduler_loop_quarantine_config.cc:168] No entry found for renderer/amsc.
[13764:15624:0717/023809.462:VERBOSE1:base\allocator\scheduler_loop_quarantine_config.cc:168] No entry found for renderer/main.
[13764:15624:0717/023809.462:VERBOSE1:base\allocator\scheduler_loop_quarantine_config.cc:168] No entry found for renderer/io.
[13764:15624:0717/023809.462:VERBOSE1:base\allocator\scheduler_loop_quarantine_config.cc:168] No entry found for renderer/main.
[13764:15624:0717/023809.465:INFO:third_party\webrtc\rtc_base\cpu_info.cc:77] Available number of cores: 8
[8084:14124:0717/023809.465:VERBOSE1:base\allocator\scheduler_loop_quarantine_config.cc:168] No entry found for renderer/global.
[8084:14124:0717/023809.465:VERBOSE1:base\allocator\scheduler_loop_quarantine_config.cc:168] No entry found for renderer/*.
[8084:14124:0717/023809.465:VERBOSE1:base\allocator\scheduler_loop_quarantine_config.cc:168] No entry found for renderer/amsc.
[8084:14124:0717/023809.465:VERBOSE1:base\allocator\scheduler_loop_quarantine_config.cc:168] No entry found for renderer/main.
[8084:14124:0717/023809.465:VERBOSE1:base\allocator\scheduler_loop_quarantine_config.cc:168] No entry found for renderer/io.
[8084:14124:0717/023809.465:VERBOSE1:base\allocator\scheduler_loop_quarantine_config.cc:168] No entry found for renderer/main.
[1656:6736:0717/023809.465:VERBOSE1:components\signin\public\webdata\token_service_table.cc:259] Loaded tokens: result = 3 ; number of tokens loaded = 0
[8084:14124:0717/023809.471:INFO:third_party\webrtc\rtc_base\cpu_info.cc:77] Available number of cores: 8
[10500:5084:0717/023809.474:VERBOSE1:net\base\network_delegate.cc:38] NetworkDelegate::NotifyBeforeURLRequest: http://clients2.google.com/time/1/current?cup2key=10:XY0vGLIFl1T9RckuQ5n2mutQ8BAon1K9hIN3antLSlU&cup2hreq=e3b0c44298fc1c149afbf4c8996fb92427ae41e4649b934ca495991b7852b855
[10500:5084:0717/023809.482:VERBOSE1:net\proxy_resolution\configured_proxy_resolution_service.cc:1225] Failed configuring with PAC script, falling-back to manual proxy servers.
[1656:15272:0717/023809.484:WARNING:chrome\browser\extensions\external_registry_loader_win.cc:236] Error observing HKLM: Acesso negado. (0x5)
[1656:15272:0717/023809.485:VERBOSE1:components\component_updater\component_installer.cc:548] FinishRegistration for Privacy Sandbox Attestations
[1656:15272:0717/023809.485:VERBOSE1:components\component_updater\component_updater_service.cc:177] CrxUpdateService starting up. First update attempt will take place in 60 s seconds. Next update attempt will take place in 18000 s seconds. 
[1656:15272:0717/023809.485:VERBOSE1:components\component_updater\component_installer.cc:589] Component ready, version 2025.7.18.0 in C:\Program Files\Google\Chrome\Application\150.0.7871.125\PrivacySandboxAttestationsPreloaded
[1656:15272:0717/023809.485:VERBOSE1:chrome\browser\component_updater\privacy_sandbox_attestations_component_installer.cc:111] Privacy Sandbox Attestations Component ready, version 2025.7.18.0 in C:\Program Files\Google\Chrome\Application\150.0.7871.125\PrivacySandboxAttestationsPreloaded
[1656:15272:0717/023809.485:VERBOSE1:chrome\browser\component_updater\privacy_sandbox_attestations_component_installer.cc:188] Received privacy sandbox attestations file
[1656:15272:0717/023809.486:VERBOSE1:components\component_updater\component_installer.cc:548] FinishRegistration for Chrome Improved Recovery
[1656:15272:0717/023809.486:VERBOSE1:components\component_updater\component_installer.cc:548] FinishRegistration for OnDeviceHeadSuggest
[1656:15272:0717/023809.487:VERBOSE1:components\component_updater\component_installer.cc:548] FinishRegistration for Optimization Hints
[1656:15272:0717/023809.487:VERBOSE1:components\component_updater\component_installer.cc:548] FinishRegistration for Trust Token Key Commitments
[1656:15272:0717/023809.487:VERBOSE1:components\component_updater\component_installer.cc:548] FinishRegistration for Certificate Error Assistant
[1656:15272:0717/023809.487:VERBOSE1:components\component_updater\component_installer.cc:548] FinishRegistration for Origin Trials
[1656:15272:0717/023809.487:VERBOSE1:components\component_updater\component_installer.cc:548] FinishRegistration for PKI Metadata
[1656:15272:0717/023809.487:VERBOSE1:components\component_updater\component_installer.cc:548] FinishRegistration for MEI Preload
[1656:15272:0717/023809.487:VERBOSE1:components\component_updater\component_installer.cc:589] Component ready, version 1.0.7.1652906823 in C:\Program Files\Google\Chrome\Application\150.0.7871.125\MEIPreload
[1656:15272:0717/023809.488:VERBOSE1:components\component_updater\component_installer.cc:548] FinishRegistration for File Type Policies
[1656:15272:0717/023809.488:VERBOSE1:components\component_updater\component_installer.cc:548] FinishRegistration for Crowd Deny
[1656:15272:0717/023809.488:VERBOSE1:components\component_updater\component_installer.cc:548] FinishRegistration for Hyphenation
[1656:15272:0717/023809.488:VERBOSE1:components\component_updater\component_installer.cc:548] FinishRegistration for Zxcvbn Data Dictionaries
[1656:15272:0717/023809.488:VERBOSE1:components\component_updater\component_installer.cc:548] FinishRegistration for Widevine Content Decryption Module
[1656:15272:0717/023809.488:VERBOSE1:components\component_updater\component_installer.cc:589] Component ready, version 4.10.3050.0 in C:\Program Files\Google\Chrome\Application\150.0.7871.125\WidevineCdm
[10500:5084:0717/023809.488:VERBOSE1:net\base\network_delegate.cc:38] NetworkDelegate::NotifyBeforeURLRequest: https://omarkez-bio-link.vercel.app/
[1656:15272:0717/023809.489:VERBOSE1:components\component_updater\component_installer.cc:548] FinishRegistration for Actor Safety Lists
[1656:15272:0717/023809.489:VERBOSE1:components\component_updater\component_installer.cc:548] FinishRegistration for WASM TTS Engine
[1656:15272:0717/023809.489:VERBOSE1:components\component_updater\component_installer.cc:548] FinishRegistration for Safety Tips
[1656:15272:0717/023809.489:VERBOSE1:components\component_updater\component_installer.cc:548] FinishRegistration for Captcha Providers
[1656:15272:0717/023809.489:VERBOSE1:components\component_updater\component_installer.cc:548] FinishRegistration for Amount Extraction Heuristic Regexes
[1656:15272:0717/023809.489:VERBOSE1:components\component_updater\component_installer.cc:548] FinishRegistration for CRLSet
[1656:15272:0717/023809.489:VERBOSE1:components\component_updater\component_installer.cc:548] FinishRegistration for Subresource Filter Rules
[1656:15272:0717/023809.490:VERBOSE1:chrome\browser\local_discovery\service_discovery_device_lister.cc:36] DeviceListerStart: service_type: _googlecast._tcp.local
[1656:15272:0717/023809.490:VERBOSE1:chrome\browser\local_discovery\service_discovery_device_lister.cc:42] DiscoverNewDevices: service_type: _googlecast._tcp.local
[10500:5084:0717/023809.490:VERBOSE1:net\base\network_delegate.cc:38] NetworkDelegate::NotifyBeforeURLRequest: https://safebrowsingohttpgateway.googleapis.com/v1/ohttp/hpkekeyconfig?key=AIzaSyA2KlwBX3mkFo30om9LUFYQhpqLoa_BNhE
[1656:15272:0717/023809.491:VERBOSE1:chrome\browser\profiles\profile_manager.cc:1407] AddKeepAlive(Default, kExtensionUpdater). keep_alives=[kWaitingForFirstBrowserWindow (1), kOffTheRecordProfile (1), kExtensionUpdater (1)]
[1656:15272:0717/023809.492:VERBOSE1:components\signin\internal\identity_manager\mutable_profile_oauth2_token_service_delegate.cc:658] MutablePO2TS::OnWebDataServiceRequestDone. Result type: 6
[1656:15272:0717/023809.492:VERBOSE1:components\signin\internal\identity_manager\mutable_profile_oauth2_token_service_delegate.cc:720] MutablePO2TS::LoadAllCredentialsIntoMemory; 0 credential(s).
[1656:15272:0717/023809.492:VERBOSE1:components\signin\internal\identity_manager\mutable_profile_oauth2_token_service_delegate.cc:460] MutablePO2TS::RefreshTokenIsAvailable
[1656:15272:0717/023809.492:VERBOSE1:google_apis\gaia\gaia_auth_util.cc:53] Canonicalized @gmail.com to @gmail.com
[1656:15272:0717/023809.492:VERBOSE1:google_apis\gaia\gaia_auth_util.cc:53] Canonicalized @gmail.com to @gmail.com
[1656:15272:0717/023809.492:VERBOSE1:components\signin\internal\identity_manager\mutable_profile_oauth2_token_service_delegate.cc:460] MutablePO2TS::RefreshTokenIsAvailable
[1656:15272:0717/023809.492:VERBOSE1:components\signin\internal\identity_manager\mutable_profile_oauth2_token_service_delegate.cc:460] MutablePO2TS::RefreshTokenIsAvailable
[1656:15272:0717/023809.492:VERBOSE1:components\signin\core\browser\account_reconcilor.cc:339] AccountReconcilor::OnEndBatchOfRefreshTokenStateChanges. Reconcilor state: 1
[10500:5084:0717/023809.492:VERBOSE1:net\base\network_delegate.cc:38] NetworkDelegate::NotifyBeforeURLRequest: https://accounts.google.com/ListAccounts?gpsia=1&source=ChromiumBrowser&json=standard&laf=b64bin
[10500:5084:0717/023809.492:VERBOSE1:net\base\network_delegate.cc:38] NetworkDelegate::NotifyBeforeURLRequest: https://clientservices.googleapis.com/chrome-variations/seed?osname=win&channel=stable&milestone=150
[10500:5084:0717/023809.495:VERBOSE1:net\base\network_delegate.cc:38] NetworkDelegate::NotifyBeforeURLRequest: https://clients2.google.com/service/update2/crx?os=win&arch=x64&prod=chromecrx&prodchannel=&prodversion=150.0.7871.125&lang=pt-BR&acceptformat=crx3,puff&x=id%3Dghbmnnjooekpmoecnnnilnnbdlolhkhi%26v%3D0.0.0.0%26installedby%3Dinternal%26uc%26brand%3DHKFL%26ping%3Dr%253D-1%2526e%253D1&x=id%3Dnmmhkkegccagdldgiimedpiccmgmieda%26v%3D0.0.0.0%26installedby%3Dother%26uc%26brand%3DHKFL%26ping%3Dr%253D-1%2526e%253D1
[10500:5084:0717/023809.495:VERBOSE1:net\base\network_delegate.cc:38] NetworkDelegate::NotifyBeforeURLRequest: https://www.google.com/async/folae?async=_fmt:pb&udm=50&client_locale=pt-BR&client_country=br
[10500:5084:0717/023809.495:VERBOSE1:net\base\network_delegate.cc:38] NetworkDelegate::NotifyBeforeURLRequest: https://www.google.com/async/folae?async=_fmt:pb&udm=50&client_locale=pt-BR&client_country=br
[10500:11396:0717/023809.497:VERBOSE1:net\disk_cache\simple\simple_index_file.cc:625] Simple Cache Index is being restored from disk.
[1656:15272:0717/023809.507:VERBOSE1:components\signin\internal\identity_manager\mutable_profile_oauth2_token_service_delegate.cc:460] MutablePO2TS::RefreshTokenIsAvailable
[1656:15272:0717/023809.510:VERBOSE1:components\privacy_sandbox\privacy_sandbox_attestations\privacy_sandbox_attestations.cc:480] Parsed Privacy Sandbox Attestation list version: 2025.7.18.0
[1656:15272:0717/023809.510:VERBOSE1:components\privacy_sandbox\privacy_sandbox_attestations\privacy_sandbox_attestations.cc:482] Number of attestation entries: 263
[1656:15272:0717/023809.510:VERBOSE1:chrome\browser\component_updater\widevine_cdm_component_installer.cc:94] Registering Widevine CDM 4.10.3050.0 with Chrome
[10500:5084:0717/023809.517:VERBOSE1:net\proxy_resolution\configured_proxy_resolution_service.cc:1225] Failed configuring with PAC script, falling-back to manual proxy servers.
[1656:15272:0717/023809.520:VERBOSE1:chrome\browser\web_applications\locks\partitioned_lock_manager.cc:262] Acquiring <PartitionedLockId>{id: 0x31, partition: 0} for Start@chrome\browser\web_applications\generated_icon_fix_manager.cc:61
[1656:15272:0717/023809.520:VERBOSE1:chrome\browser\web_applications\locks\partitioned_lock_manager.cc:243] All locks acquired for Start@chrome\browser\web_applications\generated_icon_fix_manager.cc:61
[10500:5084:0717/023809.524:VERBOSE1:net\proxy_resolution\configured_proxy_resolution_service.cc:1225] Failed configuring with PAC script, falling-back to manual proxy servers.
[10500:5084:0717/023809.525:VERBOSE1:net\proxy_resolution\configured_proxy_resolution_service.cc:1225] Failed configuring with PAC script, falling-back to manual proxy servers.
[1656:15272:0717/023809.526:VERBOSE1:chrome\browser\web_applications\locks\partitioned_lock_manager.cc:286] Releasing <PartitionedLockId>{id: 0x31, partition: 0} requested by Start@chrome\browser\web_applications\generated_icon_fix_manager.cc:61
[1656:15272:0717/023809.526:VERBOSE1:chrome\browser\web_applications\locks\partitioned_lock_manager.cc:318] Acquiring <PartitionedLockId>{id: 0x31, partition: 0} for OnSyncBridgeReady@chrome\browser\web_applications\web_app_provider.cc:562
[1656:15272:0717/023809.526:VERBOSE1:chrome\browser\web_applications\locks\partitioned_lock_manager.cc:243] All locks acquired for OnSyncBridgeReady@chrome\browser\web_applications\web_app_provider.cc:562
[1656:15272:0717/023809.527:VERBOSE1:components\signin\internal\identity_manager\mutable_profile_oauth2_token_service_delegate.cc:460] MutablePO2TS::RefreshTokenIsAvailable
[1656:15272:0717/023809.529:VERBOSE1:chrome\browser\web_applications\locks\partitioned_lock_manager.cc:286] Releasing <PartitionedLockId>{id: 0x31, partition: 0} requested by OnSyncBridgeReady@chrome\browser\web_applications\web_app_provider.cc:562
[1656:15272:0717/023809.541:VERBOSE1:components\signin\internal\identity_manager\mutable_profile_oauth2_token_service_delegate.cc:460] MutablePO2TS::RefreshTokenIsAvailable
[1656:15272:0717/023809.544:VERBOSE1:components\segmentation_platform\internal\signals\signal_filter_processor.cc:61] Segmentation platform started observing Session.TotalDuration
[1656:15272:0717/023809.544:VERBOSE1:components\segmentation_platform\internal\signals\signal_filter_processor.cc:61] Segmentation platform started observing Commerce.PriceDrops.ActiveTabNavigationComplete.IsProductDetailPage
[1656:15272:0717/023809.544:VERBOSE1:components\segmentation_platform\internal\signals\signal_filter_processor.cc:54] Segmentation platform started observing Autofill_PolledCreditCardSuggestions
[1656:15272:0717/023809.545:VERBOSE1:components\segmentation_platform\internal\signals\signal_filter_processor.cc:61] Segmentation platform started observing IOS.ParcelTracking.Tracked.AutoTrack
[1656:15272:0717/023809.545:VERBOSE1:components\segmentation_platform\internal\signals\signal_filter_processor.cc:61] Segmentation platform started observing Omnibox.SuggestionUsed.ClientSummarizedResultType
[1656:15272:0717/023809.545:VERBOSE1:components\segmentation_platform\internal\signals\signal_filter_processor.cc:54] Segmentation platform started observing MetadataWriter
[1656:15272:0717/023809.545:VERBOSE1:components\segmentation_platform\internal\signals\signal_filter_processor.cc:61] Segmentation platform started observing Sync.DeviceCount2
[1656:15272:0717/023809.545:VERBOSE1:components\segmentation_platform\internal\signals\signal_filter_processor.cc:61] Segmentation platform started observing Sync.DeviceCount2.Phone
[1656:15272:0717/023809.545:VERBOSE1:components\segmentation_platform\internal\signals\signal_filter_processor.cc:61] Segmentation platform started observing Sync.DeviceCount2.Desktop
[1656:15272:0717/023809.545:VERBOSE1:components\segmentation_platform\internal\signals\signal_filter_processor.cc:61] Segmentation platform started observing Sync.DeviceCount2.Tablet
[1656:15272:0717/023809.545:VERBOSE1:components\segmentation_platform\internal\signals\signal_filter_processor.cc:54] Segmentation platform started observing MobileBookmarkManagerOpen
[1656:15272:0717/023809.545:VERBOSE1:components\segmentation_platform\internal\signals\signal_filter_processor.cc:54] Segmentation platform started observing NewTabPage.MostVisited.Clicked
[1656:15272:0717/023809.545:VERBOSE1:components\segmentation_platform\internal\signals\signal_filter_processor.cc:54] Segmentation platform started observing TabGroup.Created.OpenInNewTab
[1656:15272:0717/023809.545:VERBOSE1:components\segmentation_platform\internal\signals\signal_filter_processor.cc:54] Segmentation platform started observing Android.HistoryPage.OpenItem
[1656:15272:0717/023809.545:VERBOSE1:components\segmentation_platform\internal\signals\signal_filter_processor.cc:54] Segmentation platform started observing MobileMenuRecentTabs
[1656:15272:0717/023809.545:VERBOSE1:components\segmentation_platform\internal\signals\signal_filter_processor.cc:61] Segmentation platform started observing PasswordManager.ManagePasswordsReferrer
[1656:15272:0717/023809.545:VERBOSE1:components\segmentation_platform\internal\signals\signal_filter_processor.cc:61] Segmentation platform started observing PasswordManager.ProfileStore.TotalAccountsHiRes3.WithScheme.Https
[1656:15272:0717/023809.545:VERBOSE1:components\segmentation_platform\internal\signals\signal_filter_processor.cc:61] Segmentation platform started observing PasswordManager.FillingAssistance
[1656:15272:0717/023809.545:VERBOSE1:components\segmentation_platform\internal\signals\signal_filter_processor.cc:61] Segmentation platform started observing PasswordManager.SavedPasswordIsGenerated
[1656:15272:0717/023809.545:VERBOSE1:components\segmentation_platform\internal\signals\signal_filter_processor.cc:61] Segmentation platform started observing PasswordManager.SaveUIDismissalReason
[1656:15272:0717/023809.545:VERBOSE1:components\segmentation_platform\internal\signals\signal_filter_processor.cc:61] Segmentation platform started observing PasswordManager.SaveUIDismissalReason
[1656:15272:0717/023809.545:VERBOSE1:components\segmentation_platform\internal\signals\signal_filter_processor.cc:61] Segmentation platform started observing IOS.CredentialExtension.IsEnabled.Startup
[1656:15272:0717/023809.545:VERBOSE1:components\segmentation_platform\internal\signals\signal_filter_processor.cc:61] Segmentation platform started observing Session.TotalDuration
[10500:5084:0717/023809.548:VERBOSE1:net\third_party\quiche\src\quiche\quic\core\tls_handshaker.cc:109] TlsClient: Continuing handshake
[10644:8180:0717/023809.550:VERBOSE1:base\allocator\scheduler_loop_quarantine_config.cc:168] No entry found for renderer/global.
[10644:8180:0717/023809.550:VERBOSE1:base\allocator\scheduler_loop_quarantine_config.cc:168] No entry found for renderer/*.
[10644:8180:0717/023809.550:VERBOSE1:base\allocator\scheduler_loop_quarantine_config.cc:168] No entry found for renderer/amsc.
[10644:8180:0717/023809.550:VERBOSE1:base\allocator\scheduler_loop_quarantine_config.cc:168] No entry found for renderer/main.
[10644:8180:0717/023809.550:VERBOSE1:base\allocator\scheduler_loop_quarantine_config.cc:168] No entry found for renderer/io.
[13576:10368:0717/023809.550:VERBOSE1:base\allocator\scheduler_loop_quarantine_config.cc:168] No entry found for renderer/global.
[13576:10368:0717/023809.550:VERBOSE1:base\allocator\scheduler_loop_quarantine_config.cc:168] No entry found for renderer/*.
[13576:10368:0717/023809.550:VERBOSE1:base\allocator\scheduler_loop_quarantine_config.cc:168] No entry found for renderer/amsc.
[13576:10368:0717/023809.550:VERBOSE1:base\allocator\scheduler_loop_quarantine_config.cc:168] No entry found for renderer/main.
[13576:10368:0717/023809.550:VERBOSE1:base\allocator\scheduler_loop_quarantine_config.cc:168] No entry found for renderer/io.
[10644:8180:0717/023809.550:VERBOSE1:base\allocator\scheduler_loop_quarantine_config.cc:168] No entry found for renderer/main.
[13576:10368:0717/023809.550:VERBOSE1:base\allocator\scheduler_loop_quarantine_config.cc:168] No entry found for renderer/main.
[10644:8180:0717/023809.554:INFO:third_party\webrtc\rtc_base\cpu_info.cc:77] Available number of cores: 8
[13576:10368:0717/023809.555:INFO:third_party\webrtc\rtc_base\cpu_info.cc:77] Available number of cores: 8
[10500:5084:0717/023809.580:VERBOSE1:net\third_party\quiche\src\quiche\quic\core\tls_handshaker.cc:109] TlsClient: Continuing handshake
[10500:5084:0717/023809.580:VERBOSE1:net\third_party\quiche\src\quiche\quic\core\tls_handshaker.cc:109] TlsClient: Continuing handshake
[13576:10368:0717/023809.595:VERBOSE1:extensions\renderer\script_context.cc:150] Created context:
  extension id:           nkeimhogjdpnpccoofpliimaahmaaome
  frame:                  0x7af402030f88
  URL:                    
  context_type:           BLESSED_EXTENSION
  effective extension id: nkeimhogjdpnpccoofpliimaahmaaome
  effective context type: BLESSED_EXTENSION
[13576:10368:0717/023809.596:VERBOSE1:extensions\renderer\script_context.cc:150] Created context:
  extension id:           (none)
  frame:                  (nil)
  URL:                    
  context_type:           UNSPECIFIED
  effective extension id: (none)
  effective context type: UNSPECIFIED
[13576:10368:0717/023809.598:VERBOSE1:extensions\renderer\dispatcher.cc:494] Num tracked contexts: 1
[9164:12936:0717/023809.599:VERBOSE1:base\allocator\scheduler_loop_quarantine_config.cc:168] No entry found for renderer/global.
[9164:12936:0717/023809.599:VERBOSE1:base\allocator\scheduler_loop_quarantine_config.cc:168] No entry found for renderer/*.
[9164:12936:0717/023809.599:VERBOSE1:base\allocator\scheduler_loop_quarantine_config.cc:168] No entry found for renderer/amsc.
[9164:12936:0717/023809.599:VERBOSE1:base\allocator\scheduler_loop_quarantine_config.cc:168] No entry found for renderer/main.
[9164:12936:0717/023809.599:VERBOSE1:base\allocator\scheduler_loop_quarantine_config.cc:168] No entry found for renderer/io.
[9164:12936:0717/023809.600:VERBOSE1:base\allocator\scheduler_loop_quarantine_config.cc:168] No entry found for renderer/main.
[1656:5736:0717/023809.605:VERBOSE1:net\disk_cache\simple\simple_index_file.cc:625] Simple Cache Index is being restored from disk.
[10644:8180:0717/023809.605:VERBOSE1:extensions\renderer\script_context.cc:150] Created context:
  extension id:           nkeimhogjdpnpccoofpliimaahmaaome
  frame:                  0x2edc02030f88
  URL:                    
  context_type:           BLESSED_EXTENSION
  effective extension id: nkeimhogjdpnpccoofpliimaahmaaome
  effective context type: BLESSED_EXTENSION
[10644:8180:0717/023809.606:VERBOSE1:extensions\renderer\script_context.cc:150] Created context:
  extension id:           (none)
  frame:                  (nil)
  URL:                    
  context_type:           UNSPECIFIED
  effective extension id: (none)
  effective context type: UNSPECIFIED
[10644:8180:0717/023809.608:VERBOSE1:extensions\renderer\dispatcher.cc:494] Num tracked contexts: 1
[9164:12936:0717/023809.615:INFO:third_party\webrtc\rtc_base\cpu_info.cc:77] Available number of cores: 8
[10500:5084:0717/023809.626:VERBOSE1:net\third_party\quiche\src\quiche\quic\core\tls_handshaker.cc:109] TlsClient: Continuing handshake
[10500:5084:0717/023809.626:VERBOSE1:net\third_party\quiche\src\quiche\quic\core\tls_handshaker.cc:109] TlsClient: Continuing handshake
[10500:5084:0717/023809.626:VERBOSE1:net\third_party\quiche\src\quiche\quic\core\tls_handshaker.cc:109] TlsClient: Continuing handshake
[10500:5084:0717/023809.626:VERBOSE1:net\third_party\quiche\src\quiche\quic\core\tls_handshaker.cc:109] TlsClient: Continuing handshake
[10500:5084:0717/023809.628:VERBOSE1:net\third_party\quiche\src\quiche\quic\core\tls_handshaker.cc:109] TlsClient: Continuing handshake
[12864:15732:0717/023809.633:VERBOSE1:base\allocator\scheduler_loop_quarantine_config.cc:168] No entry found for renderer/global.
[12864:15732:0717/023809.633:VERBOSE1:base\allocator\scheduler_loop_quarantine_config.cc:168] No entry found for renderer/*.
[12864:15732:0717/023809.633:VERBOSE1:base\allocator\scheduler_loop_quarantine_config.cc:168] No entry found for renderer/amsc.
[12864:15732:0717/023809.633:VERBOSE1:base\allocator\scheduler_loop_quarantine_config.cc:168] No entry found for renderer/main.
[12864:15732:0717/023809.633:VERBOSE1:base\allocator\scheduler_loop_quarantine_config.cc:168] No entry found for renderer/io.
[12864:15732:0717/023809.633:VERBOSE1:base\allocator\scheduler_loop_quarantine_config.cc:168] No entry found for renderer/main.
[10500:5084:0717/023809.637:VERBOSE1:net\third_party\quiche\src\quiche\quic\core\tls_handshaker.cc:109] TlsClient: Continuing handshake
[12864:15732:0717/023809.639:INFO:third_party\webrtc\rtc_base\cpu_info.cc:77] Available number of cores: 8
[10500:5084:0717/023809.643:VERBOSE1:net\base\network_delegate.cc:38] NetworkDelegate::NotifyBeforeURLRequest: https://omarkez-bio-link.vercel.app/style.css?v=24
[10500:5084:0717/023809.644:VERBOSE1:net\base\network_delegate.cc:38] NetworkDelegate::NotifyBeforeURLRequest: https://cdn.jsdelivr.net/npm/@supabase/supabase-js@2/dist/umd/supabase.js
[10500:5084:0717/023809.645:VERBOSE1:net\base\network_delegate.cc:38] NetworkDelegate::NotifyBeforeURLRequest: https://omarkez-bio-link.vercel.app/data.js?v=24
[10500:5084:0717/023809.645:VERBOSE1:net\base\network_delegate.cc:38] NetworkDelegate::NotifyBeforeURLRequest: https://omarkez-bio-link.vercel.app/app.js?v=24
[8084:14124:0717/023809.647:VERBOSE1:extensions\renderer\script_context.cc:150] Created context:
  extension id:           (none)
  frame:                  0x1a3402030f88
  URL:                    
  context_type:           WEB_PAGE
  effective extension id: (none)
  effective context type: WEB_PAGE
[8084:14124:0717/023809.647:VERBOSE1:extensions\renderer\script_context.cc:150] Created context:
  extension id:           (none)
  frame:                  (nil)
  URL:                    
  context_type:           UNSPECIFIED
  effective extension id: (none)
  effective context type: UNSPECIFIED
[8084:14124:0717/023809.647:VERBOSE1:extensions\renderer\dispatcher.cc:494] Num tracked contexts: 1
[2672:15964:0717/023809.658:VERBOSE1:base\allocator\scheduler_loop_quarantine_config.cc:168] No entry found for renderer/global.
[2672:15964:0717/023809.658:VERBOSE1:base\allocator\scheduler_loop_quarantine_config.cc:168] No entry found for renderer/*.
[2672:15964:0717/023809.658:VERBOSE1:base\allocator\scheduler_loop_quarantine_config.cc:168] No entry found for renderer/amsc.
[2672:15964:0717/023809.658:VERBOSE1:base\allocator\scheduler_loop_quarantine_config.cc:168] No entry found for renderer/main.
[2672:15964:0717/023809.658:VERBOSE1:base\allocator\scheduler_loop_quarantine_config.cc:168] No entry found for renderer/io.
[2672:15964:0717/023809.659:VERBOSE1:base\allocator\scheduler_loop_quarantine_config.cc:168] No entry found for renderer/main.
[2672:15964:0717/023809.661:INFO:third_party\webrtc\rtc_base\cpu_info.cc:77] Available number of cores: 8
[10500:5084:0717/023809.670:VERBOSE1:net\third_party\quiche\src\quiche\quic\core\tls_handshaker.cc:109] TlsClient: Continuing handshake
[10500:5084:0717/023809.670:VERBOSE1:net\third_party\quiche\src\quiche\quic\core\tls_handshaker.cc:109] TlsClient: Continuing handshake
[12864:16048:0717/023809.671:VERBOSE1:extensions\renderer\script_context.cc:150] Created context:
  extension id:           fignfifoniblkonapihmkfakmlgkbkcf
  frame:                  (nil)
  URL:                    
  context_type:           BLESSED_EXTENSION
  effective extension id: fignfifoniblkonapihmkfakmlgkbkcf
  effective context type: BLESSED_EXTENSION
[12864:16048:0717/023809.672:VERBOSE1:extensions\renderer\script_context.cc:150] Created context:
  extension id:           (none)
  frame:                  (nil)
  URL:                    
  context_type:           UNSPECIFIED
  effective extension id: (none)
  effective context type: UNSPECIFIED
[10500:5084:0717/023809.672:VERBOSE1:net\base\network_delegate.cc:38] NetworkDelegate::NotifyBeforeURLRequest: https://fonts.googleapis.com/css2?family=Outfit:wght@300;400;500;700;900&display=swap
[10500:5084:0717/023809.721:VERBOSE1:net\third_party\quiche\src\quiche\quic\core\tls_handshaker.cc:109] TlsClient: Continuing handshake
[10500:5084:0717/023809.721:VERBOSE1:net\third_party\quiche\src\quiche\quic\core\tls_handshaker.cc:109] TlsClient: Continuing handshake
[10500:5084:0717/023809.721:VERBOSE1:net\third_party\quiche\src\quiche\quic\core\tls_handshaker.cc:109] TlsClient: Continuing handshake
[10500:5084:0717/023809.721:VERBOSE1:net\third_party\quiche\src\quiche\quic\core\tls_handshaker.cc:109] TlsClient: Continuing handshake
[10500:5084:0717/023809.722:VERBOSE1:net\third_party\quiche\src\quiche\quic\core\tls_handshaker.cc:109] TlsClient: Continuing handshake
[1656:15272:0717/023809.748:VERBOSE1:components\segmentation_platform\internal\selection\segment_result_provider.cc:136] GetSegmentResult: segment=OPTIMIZATION_TARGET_SEGMENTATION_DEVICE_SWITCHER ignoring DB score, executing model.
[1656:15272:0717/023809.748:VERBOSE1:components\segmentation_platform\internal\selection\segment_result_provider.cc:277] ExecuteModelAndGetScore: segment=OPTIMIZATION_TARGET_SEGMENTATION_DEVICE_SWITCHER server segment info not available
[1656:15272:0717/023809.748:VERBOSE1:components\segmentation_platform\internal\selection\segment_result_provider.cc:210] OnGotModelScore: segment=OPTIMIZATION_TARGET_SEGMENTATION_DEVICE_SWITCHER failed to get database model score, trying default model.
[10500:5084:0717/023809.882:VERBOSE1:net\base\network_delegate.cc:38] NetworkDelegate::NotifyBeforeURLRequest: https://fonts.gstatic.com/s/outfit/v15/QGYvz_MVcBeNP4NJtEtq.woff2
[1656:15272:0717/023809.915:VERBOSE1:components\signin\core\browser\account_reconcilor.cc:559] AccountReconcilor::OnAccountsInCookieUpdated: CookieJar 0 accounts, Reconcilor's state is 1, Error was 
[1656:15272:0717/023809.915:VERBOSE1:components\signin\core\browser\account_reconcilor.cc:653] AccountReconcilor::LoadValidAccountsFromTokenService: Chrome 0 accounts
[1656:15272:0717/023809.915:VERBOSE1:components\signin\core\browser\account_reconcilor.cc:783] AccountReconcilor::CalculateIfMultiloginReconcileIsDone: Error was 
[1656:15272:0717/023809.915:VERBOSE1:components\signin\core\browser\account_reconcilor.cc:689] AccountReconcilor::StartReconcileIfChromeAccountsChanged
[1656:15272:0717/023809.916:VERBOSE1:components\signin\core\browser\account_reconcilor.cc:559] AccountReconcilor::OnAccountsInCookieUpdated: CookieJar 0 accounts, Reconcilor's state is 1, Error was 
[1656:15272:0717/023809.916:VERBOSE1:components\signin\core\browser\account_reconcilor.cc:653] AccountReconcilor::LoadValidAccountsFromTokenService: Chrome 0 accounts
[1656:15272:0717/023809.916:VERBOSE1:components\signin\core\browser\account_reconcilor.cc:783] AccountReconcilor::CalculateIfMultiloginReconcileIsDone: Error was 
[1656:15272:0717/023809.916:VERBOSE1:components\signin\core\browser\account_reconcilor.cc:689] AccountReconcilor::StartReconcileIfChromeAccountsChanged
[10500:5084:0717/023809.928:VERBOSE1:net\base\network_delegate.cc:38] NetworkDelegate::NotifyBeforeURLRequest: https://fonts.gstatic.com/s/outfit/v15/QGYvz_MVcBeNP4NJtEtq.woff2
[1656:15272:0717/023809.934:INFO:CONSOLE:129] "Supabase client initialized successfully!", source: https://omarkez-bio-link.vercel.app/data.js?v=24 (129)
[1656:15272:0717/023809.937:INFO:CONSOLE:1043] "Uncaught SyntaxError: Unexpected token '}'", source: https://omarkez-bio-link.vercel.app/app.js?v=24 (1043)
[10500:5084:0717/023809.938:VERBOSE1:net\third_party\quiche\src\quiche\quic\core\tls_handshaker.cc:109] TlsClient: Continuing handshake
[10500:5084:0717/023809.955:VERBOSE1:net\base\network_delegate.cc:38] NetworkDelegate::NotifyBeforeURLRequest: https://content-autofill.googleapis.com/v1/pages/ChVDaHJvbWUvMTUwLjAuNzg3MS4xMjUSQwnKFbNKdac8whIPDd7TcSsqCAgEGAEgBzgDEg8NZqWkcyoICAcYBSAEOAIhXqq3Rfyv-TcpXqq3Rfyv-TcyBAgGIAcSgQIJ1t6PDLhF07sSDw17EvxBKggIARgBIAI4AhINDYB_2pYqBggGGAUgBhIPDdIF_csqCAgHGAEgADgCEg8NCHdmTSoICAUYASAAOAASDQ3V1s0AKgYIAhgFIAcSDw3S6uuKKggIBRgBIAI4ARINDYS6h64qBggEGAUgBxINDcEXPNwqBggCGAUgBBINDVi020QqBggGGAUgBRIPDZDRTEkqCAgAGAEgBzgDEg8NSYSU3ioICAEYByACOAUSDw2yt9n9KggIBxgBIAI4BxIPDc7VePsqCAgBGAEgATgBEg8NdZdswCoICAIYASAEOAIh5IxB2Iskp58p5IxB2Iskp58yAA==?alt=proto
[10500:5084:0717/023809.969:VERBOSE1:net\third_party\quiche\src\quiche\quic\core\tls_handshaker.cc:109] TlsClient: Continuing handshake
[10500:5084:0717/023809.969:VERBOSE1:net\third_party\quiche\src\quiche\quic\core\tls_handshaker.cc:109] TlsClient: Continuing handshake
[13964:12300:0717/023809.999:VERBOSE1:base\allocator\scheduler_loop_quarantine_config.cc:168] No entry found for utility.dat..oderService/global.
[13964:12300:0717/023809.999:VERBOSE1:base\allocator\scheduler_loop_quarantine_config.cc:168] No entry found for utility.data_..ecoderService/*.
[13964:12300:0717/023809.999:VERBOSE1:base\allocator\scheduler_loop_quarantine_config.cc:168] No entry found for utility.data..coderService/amsc.
[13964:12300:0717/023809.999:VERBOSE1:base\allocator\scheduler_loop_quarantine_config.cc:168] No entry found for utility/main.
[13964:12300:0717/023809.999:VERBOSE1:base\allocator\scheduler_loop_quarantine_config.cc:168] No entry found for utility/io.
[13964:12300:0717/023810.000:VERBOSE1:base\allocator\scheduler_loop_quarantine_config.cc:168] No entry found for utility.data..coderService/main.
[10500:5084:0717/023810.009:VERBOSE1:net\base\network_delegate.cc:38] NetworkDelegate::NotifyBeforeURLRequest: https://clients2.googleusercontent.com/crx/blobs/AUU14H9liFl_XdfOVyc6ev9d9iA6qcY2fPGgD1ueVUk_yoQWcsmD13FEXvuVU2CN93z41_hoU8Y7vuIVVHJKVqKxhviwY8EqaSZI6UVSH8cwZZ02ZvEGbus0D2HNwvROEQEAxlKa5cc_zZnN-sn4gCVn46um6OJs-pSr/GHBMNNJOOEKPMOECNNNILNNBDLOLHKHI_1_108_1_0.crx
[10500:5084:0717/023810.019:VERBOSE1:net\third_party\quiche\src\quiche\quic\core\tls_handshaker.cc:109] TlsClient: Continuing handshake
[10500:5084:0717/023810.019:VERBOSE1:net\third_party\quiche\src\quiche\quic\core\tls_handshaker.cc:109] TlsClient: Continuing handshake
[10500:5084:0717/023810.020:VERBOSE1:net\third_party\quiche\src\quiche\quic\core\tls_handshaker.cc:109] TlsClient: Continuing handshake
[10500:5084:0717/023810.021:VERBOSE1:net\third_party\quiche\src\quiche\quic\core\tls_handshaker.cc:109] TlsClient: Continuing handshake
[10500:5084:0717/023810.096:VERBOSE1:net\base\network_delegate.cc:38] NetworkDelegate::NotifyBeforeURLRequest: https://omarkez-bio-link.vercel.app/favicon.ico
[10500:5084:0717/023810.236:VERBOSE1:services\network\url_loader.cc:1384] Will sniff content for mime type: https://omarkez-bio-link.vercel.app/favicon.ico
[1656:15272:0717/023810.349:VERBOSE1:chrome\browser\profiles\profile_manager.cc:1407] AddKeepAlive(Default, kExtensionUpdater). keep_alives=[kWaitingForFirstBrowserWindow (1), kOffTheRecordProfile (1), kExtensionUpdater (2)]
[10500:5084:0717/023810.349:VERBOSE1:net\base\network_delegate.cc:38] NetworkDelegate::NotifyBeforeURLRequest: http://redirector.gvt1.com/edgedl/chromewebstore/L2Nocm9tZV9leHRlbnNpb24vYmxvYnMvNzI0QUFXNV9zT2RvdUwyMERESEZGVmJnQQ/1.0.0.6_nmmhkkegccagdldgiimedpiccmgmieda.crx
[10500:5084:0717/023810.462:VERBOSE1:net\base\network_delegate.cc:38] NetworkDelegate::NotifyBeforeURLRequest: http://r1---sn-cg51pauxax-jbcs.gvt1.com/edgedl/chromewebstore/L2Nocm9tZV9leHRlbnNpb24vYmxvYnMvNzI0QUFXNV9zT2RvdUwyMERESEZGVmJnQQ/1.0.0.6_nmmhkkegccagdldgiimedpiccmgmieda.crx?cms_redirect=yes&met=1784270291,&mh=e_&mip=2804:196c:233:9900:e970:5e76:f9af:a602&mm=28&mn=sn-cg51pauxax-jbcs&ms=nvh&mt=1784269929&mv=m&mvi=1&pl=39&rms=nvh,nvh&shardbypass=sd
[10500:5084:0717/023810.470:VERBOSE1:net\base\network_delegate.cc:38] NetworkDelegate::NotifyBeforeURLRequest: https://r1---sn-cg51pauxax-jbcs.gvt1.com/edgedl/chromewebstore/L2Nocm9tZV9leHRlbnNpb24vYmxvYnMvNzI0QUFXNV9zT2RvdUwyMERESEZGVmJnQQ/1.0.0.6_nmmhkkegccagdldgiimedpiccmgmieda.crx?cms_redirect=yes&met=1784270291,&mh=e_&mip=2804:196c:233:9900:e970:5e76:f9af:a602&mm=28&mn=sn-cg51pauxax-jbcs&ms=nvh&mt=1784269929&mv=m&mvi=1&pl=39&rms=nvh,nvh&shardbypass=sd
[10500:5084:0717/023810.477:VERBOSE1:net\third_party\quiche\src\quiche\quic\core\tls_handshaker.cc:109] TlsClient: Continuing handshake
[10500:5084:0717/023810.490:VERBOSE1:net\third_party\quiche\src\quiche\quic\core\tls_handshaker.cc:109] TlsClient: Continuing handshake
[10500:5084:0717/023810.490:VERBOSE1:net\third_party\quiche\src\quiche\quic\core\tls_handshaker.cc:109] TlsClient: Continuing handshake
[10500:5084:0717/023810.490:VERBOSE1:net\third_party\quiche\src\quiche\quic\core\tls_handshaker.cc:109] TlsClient: Continuing handshake
[10500:5084:0717/023810.490:VERBOSE1:net\third_party\quiche\src\quiche\quic\core\tls_handshaker.cc:109] TlsClient: Continuing handshake
[10500:5084:0717/023810.490:VERBOSE1:net\third_party\quiche\src\quiche\quic\core\tls_handshaker.cc:109] TlsClient: Continuing handshake
[10500:5084:0717/023810.492:VERBOSE1:net\third_party\quiche\src\quiche\quic\core\tls_handshaker.cc:109] TlsClient: Continuing handshake
[1656:15272:0717/023810.530:VERBOSE1:chrome\browser\profiles\profile_manager.cc:1407] AddKeepAlive(Default, kExtensionUpdater). keep_alives=[kWaitingForFirstBrowserWindow (1), kOffTheRecordProfile (1), kExtensionUpdater (3)]
[1656:7592:0717/023811.501:VERBOSE1:base\allocator\scheduler_loop_quarantine_config.cc:168] No entry found for browser/io.
[1656:4576:0717/023811.504:VERBOSE1:chrome\installer\util\install_util.cc:218] Existing Chrome version found: 150.0.7871.125
[1656:15272:0717/023811.504:VERBOSE1:components\enterprise\browser\reporting\saas_usage\saas_usage_report_scheduler.cc:106] Scheduling next browser SaaS usage report at 1601-01-01 04:00:00.000000 UTC
[1656:15272:0717/023811.504:VERBOSE1:components\enterprise\browser\reporting\saas_usage\saas_usage_report_scheduler.cc:74] No domain metrics aggregated - skipping browser report upload.
[1656:15272:0717/023811.504:VERBOSE1:components\enterprise\browser\reporting\saas_usage\saas_usage_report_scheduler.cc:106] Scheduling next browser SaaS usage report at 2026-07-17 10:38:11.504485 UTC
[1656:4576:0717/023811.504:VERBOSE1:chrome\installer\util\install_util.cc:242] No existing Chrome install found.
[1656:15272:0717/023811.504:VERBOSE1:chrome\browser\web_applications\locks\partitioned_lock_manager.cc:262] Acquiring <PartitionedLockId>{id: 0x31, partition: 0} for SynchronizeInstalledApps@chrome\browser\web_applications\externally_managed_app_manager.cc:186
[1656:15272:0717/023811.504:VERBOSE1:chrome\browser\web_applications\locks\partitioned_lock_manager.cc:243] All locks acquired for SynchronizeInstalledApps@chrome\browser\web_applications\externally_managed_app_manager.cc:186
[1656:15272:0717/023811.504:VERBOSE1:chrome\browser\web_applications\locks\partitioned_lock_manager.cc:286] Releasing <PartitionedLockId>{id: 0x31, partition: 0} requested by SynchronizeInstalledApps@chrome\browser\web_applications\externally_managed_app_manager.cc:186
[1656:15272:0717/023811.509:VERBOSE1:components\device_event_log\device_event_log_impl.cc:203] [02:38:11.510] USB: USER: usb_service_win.cc:765 USB device added: path=\\?\usb#vid_8087&pid_0a2a#5&ab47fd9&0&7#{a5dcbf10-6530-11d2-901f-00c04fb951ed} vendor=32903 "", product=2602 "", serial="", driver="BTHUSB", guid=4ceaffc1-6a14-407c-aecd-e137fae756d8
[1656:4576:0717/023811.512:VERBOSE1:components\component_updater\component_installer.cc:477] StartRegistration for Related Website Sets
[1656:15272:0717/023811.512:VERBOSE1:components\device_event_log\device_event_log_impl.cc:203] [02:38:11.512] USB: USER: usb_service_win.cc:765 USB device added: path=\\?\usb#vid_1c4f&pid_0048#5&ab47fd9&0&5#{a5dcbf10-6530-11d2-901f-00c04fb951ed} vendor=7247 "SIGMACHIP", product=72 "USB Mouse", serial="", driver="HidUsb", guid=fb406cbc-889b-4e8d-93c1-7532d31440c5
[1656:15272:0717/023811.513:VERBOSE1:components\component_updater\component_installer.cc:548] FinishRegistration for Related Website Sets
[1656:15272:0717/023811.513:VERBOSE1:chrome\browser\component_updater\first_party_sets_component_installer.cc:51] Received Related Website Sets
[1656:15272:0717/023811.513:VERBOSE1:components\device_event_log\device_event_log_impl.cc:203] [02:38:11.513] USB: USER: usb_service_win.cc:765 USB device added: path=\\?\usb#vid_1b3f&pid_2008#5&ab47fd9&0&2#{a5dcbf10-6530-11d2-901f-00c04fb951ed} vendor=6975 "GeneralPlus", product=8200 "USB Audio Device", serial="", driver="usbccgp", guid=18b2ce34-d6c7-4b41-979c-3c810439cf1c
[1656:15272:0717/023811.655:VERBOSE1:chrome\browser\web_applications\locks\partitioned_lock_manager.cc:262] Acquiring <PartitionedLockId>{id: 0x31, partition: 0} for SynchronizeInstalledApps@chrome\browser\web_applications\externally_managed_app_manager.cc:186
[1656:15272:0717/023811.655:VERBOSE1:chrome\browser\web_applications\locks\partitioned_lock_manager.cc:243] All locks acquired for SynchronizeInstalledApps@chrome\browser\web_applications\externally_managed_app_manager.cc:186
[1656:15272:0717/023811.655:VERBOSE1:chrome\browser\web_applications\locks\partitioned_lock_manager.cc:286] Releasing <PartitionedLockId>{id: 0x31, partition: 0} requested by SynchronizeInstalledApps@chrome\browser\web_applications\externally_managed_app_manager.cc:186
[1656:15272:0717/023811.655:VERBOSE1:chrome\browser\web_applications\locks\partitioned_lock_manager.cc:262] Acquiring <PartitionedLockId>{id: 0x31, partition: 0} for MaybeStartNext@chrome\browser\web_applications\externally_managed_app_manager.cc:271
[1656:15272:0717/023811.655:VERBOSE1:chrome\browser\web_applications\locks\partitioned_lock_manager.cc:243] All locks acquired for MaybeStartNext@chrome\browser\web_applications\externally_managed_app_manager.cc:271
[1656:7592:0717/023811.655:VERBOSE1:net\dns\mdns_client_impl.cc:204] Sockets ready:2
[1656:15272:0717/023811.655:VERBOSE1:chrome\browser\web_applications\locks\partitioned_lock_manager.cc:262] Acquiring <PartitionedLockId>{id: 0x30, partition: 0} for StartInstallationTask@chrome\browser\web_applications\externally_managed_app_manager.cc:411
[1656:15272:0717/023811.655:VERBOSE1:chrome\browser\web_applications\locks\partitioned_lock_manager.cc:243] All locks acquired for StartInstallationTask@chrome\browser\web_applications\externally_managed_app_manager.cc:411
[1656:15272:0717/023811.656:VERBOSE1:chrome\browser\web_applications\locks\partitioned_lock_manager.cc:286] Releasing <PartitionedLockId>{id: 0x31, partition: 0} requested by MaybeStartNext@chrome\browser\web_applications\externally_managed_app_manager.cc:271
[2148:6900:0717/023811.687:VERBOSE1:base\allocator\scheduler_loop_quarantine_config.cc:168] No entry found for utility.chr..ssorMetrics/global.
[2148:6900:0717/023811.687:VERBOSE1:base\allocator\scheduler_loop_quarantine_config.cc:168] No entry found for utility.chrom..cessorMetrics/*.
[2148:6900:0717/023811.687:VERBOSE1:base\allocator\scheduler_loop_quarantine_config.cc:168] No entry found for utility.chro..essorMetrics/amsc.
[2148:6900:0717/023811.687:VERBOSE1:base\allocator\scheduler_loop_quarantine_config.cc:168] No entry found for utility/main.
[2148:6900:0717/023811.687:VERBOSE1:base\allocator\scheduler_loop_quarantine_config.cc:168] No entry found for utility/io.
[2148:6900:0717/023811.687:VERBOSE1:base\allocator\scheduler_loop_quarantine_config.cc:168] No entry found for utility.chro..essorMetrics/main.
[15680:7896:0717/023811.697:VERBOSE1:base\allocator\scheduler_loop_quarantine_config.cc:168] No entry found for renderer/global.
[15680:7896:0717/023811.697:VERBOSE1:base\allocator\scheduler_loop_quarantine_config.cc:168] No entry found for renderer/*.
[15680:7896:0717/023811.697:VERBOSE1:base\allocator\scheduler_loop_quarantine_config.cc:168] No entry found for renderer/amsc.
[15680:7896:0717/023811.697:VERBOSE1:base\allocator\scheduler_loop_quarantine_config.cc:168] No entry found for renderer/main.
[15680:7896:0717/023811.697:VERBOSE1:base\allocator\scheduler_loop_quarantine_config.cc:168] No entry found for renderer/io.
[15680:7896:0717/023811.697:VERBOSE1:base\allocator\scheduler_loop_quarantine_config.cc:168] No entry found for renderer/main.
[15680:7896:0717/023811.702:INFO:third_party\webrtc\rtc_base\cpu_info.cc:77] Available number of cores: 8
[9136:15620:0717/023811.704:VERBOSE1:base\allocator\scheduler_loop_quarantine_config.cc:168] No entry found for renderer/global.
[9136:15620:0717/023811.704:VERBOSE1:base\allocator\scheduler_loop_quarantine_config.cc:168] No entry found for renderer/*.
[9136:15620:0717/023811.704:VERBOSE1:base\allocator\scheduler_loop_quarantine_config.cc:168] No entry found for renderer/amsc.
[9136:15620:0717/023811.704:VERBOSE1:base\allocator\scheduler_loop_quarantine_config.cc:168] No entry found for renderer/main.
[9136:15620:0717/023811.704:VERBOSE1:base\allocator\scheduler_loop_quarantine_config.cc:168] No entry found for renderer/io.
[9136:15620:0717/023811.705:VERBOSE1:base\allocator\scheduler_loop_quarantine_config.cc:168] No entry found for renderer/main.
[9136:15620:0717/023811.714:INFO:third_party\webrtc\rtc_base\cpu_info.cc:77] Available number of cores: 8
[3680:8624:0717/023811.715:VERBOSE1:base\allocator\scheduler_loop_quarantine_config.cc:168] No entry found for utility.unz..om.Unzipper/global.
[3680:8624:0717/023811.715:VERBOSE1:base\allocator\scheduler_loop_quarantine_config.cc:168] No entry found for utility.unzip.mojom.Unzipper/*.
[3680:8624:0717/023811.715:VERBOSE1:base\allocator\scheduler_loop_quarantine_config.cc:168] No entry found for utility.unzi..jom.Unzipper/amsc.
[3680:8624:0717/023811.715:VERBOSE1:base\allocator\scheduler_loop_quarantine_config.cc:168] No entry found for utility/main.
[3680:8624:0717/023811.715:VERBOSE1:base\allocator\scheduler_loop_quarantine_config.cc:168] No entry found for utility/io.
[3680:8624:0717/023811.715:VERBOSE1:base\allocator\scheduler_loop_quarantine_config.cc:168] No entry found for utility.unzi..jom.Unzipper/main.
[3680:9448:0717/023811.730:VERBOSE1:third_party\zlib\google\zip.cc:183] Skipped ZIP entry 'offscreendocument_main.js'
[3680:9448:0717/023811.731:VERBOSE1:third_party\zlib\google\zip.cc:183] Skipped ZIP entry 'service_worker_bin_prod.js'
[3680:9448:0717/023811.731:VERBOSE1:third_party\zlib\google\zip.cc:183] Skipped ZIP entry '_locales/de/messages.json'
[3680:9448:0717/023811.732:VERBOSE1:third_party\zlib\google\zip.cc:183] Skipped ZIP entry '_locales/gl/messages.json'
[3680:9448:0717/023811.732:VERBOSE1:third_party\zlib\google\zip.cc:183] Skipped ZIP entry '_locales/pt_PT/messages.json'
[3680:9448:0717/023811.732:VERBOSE1:third_party\zlib\google\zip.cc:183] Skipped ZIP entry '_locales/pl/messages.json'
[3680:9448:0717/023811.733:VERBOSE1:third_party\zlib\google\zip.cc:183] Skipped ZIP entry '_locales/ne/messages.json'
[3680:9448:0717/023811.733:VERBOSE1:third_party\zlib\google\zip.cc:183] Skipped ZIP entry '_locales/am/messages.json'
[3680:9448:0717/023811.736:VERBOSE1:third_party\zlib\google\zip.cc:183] Skipped ZIP entry '_locales/sl/messages.json'
[3680:9448:0717/023811.736:VERBOSE1:third_party\zlib\google\zip.cc:183] Skipped ZIP entry '_locales/eu/messages.json'
[3680:9448:0717/023811.737:VERBOSE1:third_party\zlib\google\zip.cc:183] Skipped ZIP entry '_locales/sr/messages.json'
[3680:9448:0717/023811.738:VERBOSE1:third_party\zlib\google\zip.cc:183] Skipped ZIP entry '_locales/ro/messages.json'
[3680:9448:0717/023811.739:VERBOSE1:third_party\zlib\google\zip.cc:183] Skipped ZIP entry '_locales/el/messages.json'
[3680:9448:0717/023811.739:VERBOSE1:third_party\zlib\google\zip.cc:183] Skipped ZIP entry '_locales/tr/messages.json'
[3680:9448:0717/023811.739:VERBOSE1:third_party\zlib\google\zip.cc:183] Skipped ZIP entry '_locales/bn/messages.json'
[3680:9448:0717/023811.740:VERBOSE1:third_party\zlib\google\zip.cc:183] Skipped ZIP entry '_locales/en/messages.json'
[3680:9448:0717/023811.740:VERBOSE1:third_party\zlib\google\zip.cc:183] Skipped ZIP entry '_locales/mn/messages.json'
[3680:9448:0717/023811.740:VERBOSE1:third_party\zlib\google\zip.cc:183] Skipped ZIP entry '_locales/as/messages.json'
[3680:9448:0717/023811.741:VERBOSE1:third_party\zlib\google\zip.cc:183] Skipped ZIP entry '_locales/es/messages.json'
[1400:1224:0717/023811.741:VERBOSE1:base\allocator\scheduler_loop_quarantine_config.cc:168] No entry found for utility.unz..om.Unzipper/global.
[1400:1224:0717/023811.741:VERBOSE1:base\allocator\scheduler_loop_quarantine_config.cc:168] No entry found for utility.unzip.mojom.Unzipper/*.
[1400:1224:0717/023811.741:VERBOSE1:base\allocator\scheduler_loop_quarantine_config.cc:168] No entry found for utility.unzi..jom.Unzipper/amsc.
[1400:1224:0717/023811.741:VERBOSE1:base\allocator\scheduler_loop_quarantine_config.cc:168] No entry found for utility/main.
[1400:1224:0717/023811.741:VERBOSE1:base\allocator\scheduler_loop_quarantine_config.cc:168] No entry found for utility/io.
[3680:9448:0717/023811.741:VERBOSE1:third_party\zlib\google\zip.cc:183] Skipped ZIP entry '_locales/hy/messages.json'
[1400:1224:0717/023811.742:VERBOSE1:base\allocator\scheduler_loop_quarantine_config.cc:168] No entry found for utility.unzi..jom.Unzipper/main.
[3680:9448:0717/023811.742:VERBOSE1:third_party\zlib\google\zip.cc:183] Skipped ZIP entry '_locales/ml/messages.json'
[3680:9448:0717/023811.742:VERBOSE1:third_party\zlib\google\zip.cc:183] Skipped ZIP entry '_locales/az/messages.json'
[3680:9448:0717/023811.743:VERBOSE1:third_party\zlib\google\zip.cc:183] Skipped ZIP entry '_locales/gu/messages.json'
[3680:9448:0717/023811.743:VERBOSE1:third_party\zlib\google\zip.cc:183] Skipped ZIP entry '_locales/is/messages.json'
[3680:9448:0717/023811.743:VERBOSE1:third_party\zlib\google\zip.cc:183] Skipped ZIP entry '_locales/ar/messages.json'
[3680:9448:0717/023811.744:VERBOSE1:third_party\zlib\google\zip.cc:183] Skipped ZIP entry '_locales/pa/messages.json'
[15680:7896:0717/023811.744:VERBOSE1:extensions\renderer\script_context.cc:150] Created context:
  extension id:           (none)
  frame:                  0x748402030f88
  URL:                    
  context_type:           WEB_PAGE
  effective extension id: (none)
  effective context type: WEB_PAGE
[3680:9448:0717/023811.744:VERBOSE1:third_party\zlib\google\zip.cc:183] Skipped ZIP entry '_locales/no/messages.json'
[3680:9448:0717/023811.744:VERBOSE1:third_party\zlib\google\zip.cc:183] Skipped ZIP entry '_locales/sw/messages.json'
[3680:9448:0717/023811.745:VERBOSE1:third_party\zlib\google\zip.cc:183] Skipped ZIP entry '_locales/fr_CA/messages.json'
[15680:7896:0717/023811.745:VERBOSE1:extensions\renderer\script_context.cc:150] Created context:
  extension id:           (none)
  frame:                  (nil)
  URL:                    
  context_type:           UNSPECIFIED
  effective extension id: (none)
  effective context type: UNSPECIFIED
[15680:7896:0717/023811.745:VERBOSE1:extensions\renderer\dispatcher.cc:494] Num tracked contexts: 1
[3680:9448:0717/023811.745:VERBOSE1:third_party\zlib\google\zip.cc:183] Skipped ZIP entry '_locales/ja/messages.json'
[3680:9448:0717/023811.745:VERBOSE1:third_party\zlib\google\zip.cc:183] Skipped ZIP entry '_locales/lo/messages.json'
[3680:9448:0717/023811.746:VERBOSE1:third_party\zlib\google\zip.cc:183] Skipped ZIP entry '_locales/nl/messages.json'
[3680:9448:0717/023811.746:VERBOSE1:third_party\zlib\google\zip.cc:183] Skipped ZIP entry '_locales/pt_BR/messages.json'
[3680:9448:0717/023811.746:VERBOSE1:third_party\zlib\google\zip.cc:183] Skipped ZIP entry '_locales/si/messages.json'
[3680:9448:0717/023811.747:VERBOSE1:third_party\zlib\google\zip.cc:183] Skipped ZIP entry '_locales/zu/messages.json'
[3680:9448:0717/023811.747:VERBOSE1:third_party\zlib\google\zip.cc:183] Skipped ZIP entry '_locales/it/messages.json'
[3680:9448:0717/023811.747:VERBOSE1:third_party\zlib\google\zip.cc:183] Skipped ZIP entry '_locales/en_US/messages.json'
[3680:9448:0717/023811.748:VERBOSE1:third_party\zlib\google\zip.cc:183] Skipped ZIP entry '_locales/sq/messages.json'
[3680:9448:0717/023811.748:VERBOSE1:third_party\zlib\google\zip.cc:183] Skipped ZIP entry '_locales/hr/messages.json'
[1656:15272:0717/023811.748:VERBOSE1:chrome\browser\web_applications\locks\partitioned_lock_manager.cc:262] Acquiring <PartitionedLockId>{id: 0x31, partition: 0} for InstallFromInfo@chrome\browser\web_applications\commands\external_app_resolution_command.cc:788
[1656:15272:0717/023811.748:VERBOSE1:chrome\browser\web_applications\locks\partitioned_lock_manager.cc:262] Acquiring <PartitionedLockId>{id: 0x666d676a6a6d6d6d6c666e6b6270706e636162666b6464626a696d63666e636d, partition: 1} for InstallFromInfo@chrome\browser\web_applications\commands\external_app_resolution_command.cc:788
[1656:15272:0717/023811.748:VERBOSE1:chrome\browser\web_applications\locks\partitioned_lock_manager.cc:243] All locks acquired for InstallFromInfo@chrome\browser\web_applications\commands\external_app_resolution_command.cc:788
[3680:9448:0717/023811.749:VERBOSE1:third_party\zlib\google\zip.cc:183] Skipped ZIP entry '_locales/bg/messages.json'
[3680:9448:0717/023811.749:VERBOSE1:third_party\zlib\google\zip.cc:183] Skipped ZIP entry '_locales/my/messages.json'
[1400:11412:0717/023811.749:VERBOSE1:third_party\zlib\google\zip.cc:183] Skipped ZIP entry '_locales/'
[1400:11412:0717/023811.752:VERBOSE1:third_party\zlib\google\zip.cc:183] Skipped ZIP entry '_locales/bg/'
[3680:9448:0717/023811.752:VERBOSE1:third_party\zlib\google\zip.cc:183] Skipped ZIP entry '_locales/en_CA/messages.json'
[1400:11412:0717/023811.752:VERBOSE1:third_party\zlib\google\zip.cc:183] Skipped ZIP entry '_locales/bg/messages.json'
[3680:9448:0717/023811.752:VERBOSE1:third_party\zlib\google\zip.cc:183] Skipped ZIP entry '_locales/ca/messages.json'
[3680:9448:0717/023811.752:VERBOSE1:third_party\zlib\google\zip.cc:183] Skipped ZIP entry '_locales/fr/messages.json'
[1400:11412:0717/023811.752:VERBOSE1:third_party\zlib\google\zip.cc:183] Skipped ZIP entry '_locales/ca/'
[3680:9448:0717/023811.753:VERBOSE1:third_party\zlib\google\zip.cc:183] Skipped ZIP entry '_locales/af/messages.json'
[1400:11412:0717/023811.753:VERBOSE1:third_party\zlib\google\zip.cc:183] Skipped ZIP entry '_locales/ca/messages.json'
[3680:9448:0717/023811.753:VERBOSE1:third_party\zlib\google\zip.cc:183] Skipped ZIP entry '_locales/vi/messages.json'
[1400:11412:0717/023811.754:VERBOSE1:third_party\zlib\google\zip.cc:183] Skipped ZIP entry '_locales/cs/'
[3680:9448:0717/023811.754:VERBOSE1:third_party\zlib\google\zip.cc:183] Skipped ZIP entry '_locales/zh_HK/messages.json'
[1400:11412:0717/023811.754:VERBOSE1:third_party\zlib\google\zip.cc:183] Skipped ZIP entry '_locales/cs/messages.json'
[3680:9448:0717/023811.754:VERBOSE1:third_party\zlib\google\zip.cc:183] Skipped ZIP entry '_locales/ru/messages.json'
[1400:11412:0717/023811.754:VERBOSE1:third_party\zlib\google\zip.cc:183] Skipped ZIP entry '_locales/da/'
[3680:9448:0717/023811.754:VERBOSE1:third_party\zlib\google\zip.cc:183] Skipped ZIP entry '_locales/fa/messages.json'
[1400:11412:0717/023811.754:VERBOSE1:third_party\zlib\google\zip.cc:183] Skipped ZIP entry '_locales/da/messages.json'
[3680:9448:0717/023811.755:VERBOSE1:third_party\zlib\google\zip.cc:183] Skipped ZIP entry '_locales/km/messages.json'
[1400:11412:0717/023811.755:VERBOSE1:third_party\zlib\google\zip.cc:183] Skipped ZIP entry '_locales/de/'
[3680:9448:0717/023811.755:VERBOSE1:third_party\zlib\google\zip.cc:183] Skipped ZIP entry '_locales/or/messages.json'
[1400:11412:0717/023811.755:VERBOSE1:third_party\zlib\google\zip.cc:183] Skipped ZIP entry '_locales/de/messages.json'
[3680:9448:0717/023811.755:VERBOSE1:third_party\zlib\google\zip.cc:183] Skipped ZIP entry '_locales/mr/messages.json'
[1400:11412:0717/023811.755:VERBOSE1:third_party\zlib\google\zip.cc:183] Skipped ZIP entry '_locales/el/'
[3680:9448:0717/023811.756:VERBOSE1:third_party\zlib\google\zip.cc:183] Skipped ZIP entry '_locales/fi/messages.json'
[1400:11412:0717/023811.756:VERBOSE1:third_party\zlib\google\zip.cc:183] Skipped ZIP entry '_locales/el/messages.json'
[3680:9448:0717/023811.756:VERBOSE1:third_party\zlib\google\zip.cc:183] Skipped ZIP entry '_locales/kn/messages.json'
[1400:11412:0717/023811.756:VERBOSE1:third_party\zlib\google\zip.cc:183] Skipped ZIP entry '_locales/en/'
[3680:9448:0717/023811.757:VERBOSE1:third_party\zlib\google\zip.cc:183] Skipped ZIP entry '_locales/es_419/messages.json'
[1400:11412:0717/023811.757:VERBOSE1:third_party\zlib\google\zip.cc:183] Skipped ZIP entry '_locales/en/messages.json'
[3680:9448:0717/023811.757:VERBOSE1:third_party\zlib\google\zip.cc:183] Skipped ZIP entry '_locales/uk/messages.json'
[1400:11412:0717/023811.757:VERBOSE1:third_party\zlib\google\zip.cc:183] Skipped ZIP entry '_locales/en_GB/'
[3680:9448:0717/023811.757:VERBOSE1:third_party\zlib\google\zip.cc:183] Skipped ZIP entry '_locales/sk/messages.json'
[1400:11412:0717/023811.757:VERBOSE1:third_party\zlib\google\zip.cc:183] Skipped ZIP entry '_locales/en_GB/messages.json'
[1400:11412:0717/023811.758:VERBOSE1:third_party\zlib\google\zip.cc:183] Skipped ZIP entry '_locales/es/'
[3680:9448:0717/023811.758:VERBOSE1:third_party\zlib\google\zip.cc:183] Skipped ZIP entry '_locales/te/messages.json'
[3680:9448:0717/023811.758:VERBOSE1:third_party\zlib\google\zip.cc:183] Skipped ZIP entry '_locales/lt/messages.json'
[1400:11412:0717/023811.758:VERBOSE1:third_party\zlib\google\zip.cc:183] Skipped ZIP entry '_locales/es/messages.json'
[3680:9448:0717/023811.758:VERBOSE1:third_party\zlib\google\zip.cc:183] Skipped ZIP entry '_locales/da/messages.json'
[1400:11412:0717/023811.758:VERBOSE1:third_party\zlib\google\zip.cc:183] Skipped ZIP entry '_locales/es_419/'
[3680:9448:0717/023811.759:VERBOSE1:third_party\zlib\google\zip.cc:183] Skipped ZIP entry '_locales/sv/messages.json'
[1400:11412:0717/023811.759:VERBOSE1:third_party\zlib\google\zip.cc:183] Skipped ZIP entry '_locales/es_419/messages.json'
[3680:9448:0717/023811.759:VERBOSE1:third_party\zlib\google\zip.cc:183] Skipped ZIP entry '_locales/cs/messages.json'
[1400:11412:0717/023811.759:VERBOSE1:third_party\zlib\google\zip.cc:183] Skipped ZIP entry '_locales/et/'
[3680:9448:0717/023811.759:VERBOSE1:third_party\zlib\google\zip.cc:183] Skipped ZIP entry '_locales/fil/messages.json'
[1400:11412:0717/023811.759:VERBOSE1:third_party\zlib\google\zip.cc:183] Skipped ZIP entry '_locales/et/messages.json'
[1400:11412:0717/023811.760:VERBOSE1:third_party\zlib\google\zip.cc:183] Skipped ZIP entry '_locales/fi/'
[3680:9448:0717/023811.760:VERBOSE1:third_party\zlib\google\zip.cc:183] Skipped ZIP entry '_locales/cy/messages.json'
[1400:11412:0717/023811.760:VERBOSE1:third_party\zlib\google\zip.cc:183] Skipped ZIP entry '_locales/fi/messages.json'
[3680:9448:0717/023811.760:VERBOSE1:third_party\zlib\google\zip.cc:183] Skipped ZIP entry '_locales/ko/messages.json'
[3680:9448:0717/023811.760:VERBOSE1:third_party\zlib\google\zip.cc:183] Skipped ZIP entry '_locales/mk/messages.json'
[1400:11412:0717/023811.760:VERBOSE1:third_party\zlib\google\zip.cc:183] Skipped ZIP entry '_locales/fil/'
[3680:9448:0717/023811.761:VERBOSE1:third_party\zlib\google\zip.cc:183] Skipped ZIP entry '_locales/ta/messages.json'
[1400:11412:0717/023811.761:VERBOSE1:third_party\zlib\google\zip.cc:183] Skipped ZIP entry '_locales/fil/messages.json'
[1400:11412:0717/023811.761:VERBOSE1:third_party\zlib\google\zip.cc:183] Skipped ZIP entry '_locales/fr/'
[3680:9448:0717/023811.761:VERBOSE1:third_party\zlib\google\zip.cc:183] Skipped ZIP entry '_locales/zh_CN/messages.json'
[3680:9448:0717/023811.761:VERBOSE1:third_party\zlib\google\zip.cc:183] Skipped ZIP entry '_locales/lv/messages.json'
[1400:11412:0717/023811.761:VERBOSE1:third_party\zlib\google\zip.cc:183] Skipped ZIP entry '_locales/fr/messages.json'
[3680:9448:0717/023811.762:VERBOSE1:third_party\zlib\google\zip.cc:183] Skipped ZIP entry '_locales/ka/messages.json'
[1400:11412:0717/023811.762:VERBOSE1:third_party\zlib\google\zip.cc:183] Skipped ZIP entry '_locales/hi/'
[1400:11412:0717/023811.762:VERBOSE1:third_party\zlib\google\zip.cc:183] Skipped ZIP entry '_locales/hi/messages.json'
[3680:9448:0717/023811.762:VERBOSE1:third_party\zlib\google\zip.cc:183] Skipped ZIP entry '_locales/be/messages.json'
[1400:11412:0717/023811.762:VERBOSE1:third_party\zlib\google\zip.cc:183] Skipped ZIP entry '_locales/hr/'
[3680:9448:0717/023811.763:VERBOSE1:third_party\zlib\google\zip.cc:183] Skipped ZIP entry '_locales/id/messages.json'
[1400:11412:0717/023811.763:VERBOSE1:third_party\zlib\google\zip.cc:183] Skipped ZIP entry '_locales/hr/messages.json'
[3680:9448:0717/023811.763:VERBOSE1:third_party\zlib\google\zip.cc:183] Skipped ZIP entry '_locales/en_GB/messages.json'
[1400:11412:0717/023811.763:VERBOSE1:third_party\zlib\google\zip.cc:183] Skipped ZIP entry '_locales/hu/'
[3680:9448:0717/023811.763:VERBOSE1:third_party\zlib\google\zip.cc:183] Skipped ZIP entry '_locales/hi/messages.json'
[1400:11412:0717/023811.763:VERBOSE1:third_party\zlib\google\zip.cc:183] Skipped ZIP entry '_locales/hu/messages.json'
[3680:9448:0717/023811.763:VERBOSE1:third_party\zlib\google\zip.cc:183] Skipped ZIP entry '_locales/hu/messages.json'
[1400:11412:0717/023811.764:VERBOSE1:third_party\zlib\google\zip.cc:183] Skipped ZIP entry '_locales/id/'
[3680:9448:0717/023811.764:VERBOSE1:third_party\zlib\google\zip.cc:183] Skipped ZIP entry '_locales/ur/messages.json'
[1400:11412:0717/023811.765:VERBOSE1:third_party\zlib\google\zip.cc:183] Skipped ZIP entry '_locales/id/messages.json'
[1400:11412:0717/023811.765:VERBOSE1:third_party\zlib\google\zip.cc:183] Skipped ZIP entry '_locales/it/'
[3680:9448:0717/023811.765:VERBOSE1:third_party\zlib\google\zip.cc:183] Skipped ZIP entry '_locales/kk/messages.json'
[3680:9448:0717/023811.766:VERBOSE1:third_party\zlib\google\zip.cc:183] Skipped ZIP entry '_locales/ms/messages.json'
[1400:11412:0717/023811.766:VERBOSE1:third_party\zlib\google\zip.cc:183] Skipped ZIP entry '_locales/it/messages.json'
[1400:11412:0717/023811.766:VERBOSE1:third_party\zlib\google\zip.cc:183] Skipped ZIP entry '_locales/ja/'
[3680:9448:0717/023811.766:VERBOSE1:third_party\zlib\google\zip.cc:183] Skipped ZIP entry '_locales/uz/messages.json'
[1400:11412:0717/023811.766:VERBOSE1:third_party\zlib\google\zip.cc:183] Skipped ZIP entry '_locales/ja/messages.json'
[3680:9448:0717/023811.767:VERBOSE1:third_party\zlib\google\zip.cc:183] Skipped ZIP entry '_locales/iw/messages.json'
[1400:11412:0717/023811.768:VERBOSE1:third_party\zlib\google\zip.cc:183] Skipped ZIP entry '_locales/ko/'
[3680:9448:0717/023811.769:VERBOSE1:third_party\zlib\google\zip.cc:183] Skipped ZIP entry '_locales/et/messages.json'
[1400:11412:0717/023811.769:VERBOSE1:third_party\zlib\google\zip.cc:183] Skipped ZIP entry '_locales/ko/messages.json'
[1400:11412:0717/023811.770:VERBOSE1:third_party\zlib\google\zip.cc:183] Skipped ZIP entry '_locales/lt/'
[3680:9448:0717/023811.770:VERBOSE1:third_party\zlib\google\zip.cc:183] Skipped ZIP entry '_locales/th/messages.json'
[1400:11412:0717/023811.771:VERBOSE1:third_party\zlib\google\zip.cc:183] Skipped ZIP entry '_locales/lt/messages.json'
[3680:9448:0717/023811.771:VERBOSE1:third_party\zlib\google\zip.cc:183] Skipped ZIP entry '_locales/zh_TW/messages.json'
[3680:9448:0717/023811.771:VERBOSE1:third_party\zlib\google\zip.cc:183] Skipped ZIP entry 'offscreendocument.html'
[1400:11412:0717/023811.771:VERBOSE1:third_party\zlib\google\zip.cc:183] Skipped ZIP entry '_locales/lv/'
[1400:11412:0717/023811.772:VERBOSE1:third_party\zlib\google\zip.cc:183] Skipped ZIP entry '_locales/lv/messages.json'
[3680:9448:0717/023811.772:VERBOSE1:third_party\zlib\google\zip.cc:183] Skipped ZIP entry 'dasherSettingSchema.json'
[1400:11412:0717/023811.772:VERBOSE1:third_party\zlib\google\zip.cc:183] Skipped ZIP entry '_locales/nb/'
[1400:11412:0717/023811.773:VERBOSE1:third_party\zlib\google\zip.cc:183] Skipped ZIP entry '_locales/nb/messages.json'
[1400:11412:0717/023811.774:VERBOSE1:third_party\zlib\google\zip.cc:183] Skipped ZIP entry '_locales/nl/'
[3680:9448:0717/023811.774:VERBOSE1:third_party\zlib\google\zip.cc:183] Skipped ZIP entry 'page_embed_script.js'
[1400:11412:0717/023811.774:VERBOSE1:third_party\zlib\google\zip.cc:183] Skipped ZIP entry '_locales/nl/messages.json'
[3680:9448:0717/023811.774:VERBOSE1:third_party\zlib\google\zip.cc:183] Skipped ZIP entry '128.png'
[1400:11412:0717/023811.774:VERBOSE1:third_party\zlib\google\zip.cc:183] Skipped ZIP entry '_locales/pl/'
[1400:11412:0717/023811.775:VERBOSE1:third_party\zlib\google\zip.cc:183] Skipped ZIP entry '_locales/pl/messages.json'
[1400:11412:0717/023811.775:VERBOSE1:third_party\zlib\google\zip.cc:183] Skipped ZIP entry '_locales/pt_BR/'
[1400:11412:0717/023811.775:VERBOSE1:third_party\zlib\google\zip.cc:183] Skipped ZIP entry '_locales/pt_BR/messages.json'
[1400:11412:0717/023811.776:VERBOSE1:third_party\zlib\google\zip.cc:183] Skipped ZIP entry '_locales/pt_PT/'
[1400:11412:0717/023811.776:VERBOSE1:third_party\zlib\google\zip.cc:183] Skipped ZIP entry '_locales/pt_PT/messages.json'
[1400:11412:0717/023811.776:VERBOSE1:third_party\zlib\google\zip.cc:183] Skipped ZIP entry '_locales/ro/'
[1400:11412:0717/023811.777:VERBOSE1:third_party\zlib\google\zip.cc:183] Skipped ZIP entry '_locales/ro/messages.json'
[1400:11412:0717/023811.777:VERBOSE1:third_party\zlib\google\zip.cc:183] Skipped ZIP entry '_locales/ru/'
[1400:11412:0717/023811.777:VERBOSE1:third_party\zlib\google\zip.cc:183] Skipped ZIP entry '_locales/ru/messages.json'
[1400:11412:0717/023811.778:VERBOSE1:third_party\zlib\google\zip.cc:183] Skipped ZIP entry '_locales/sk/'
[1400:11412:0717/023811.778:VERBOSE1:third_party\zlib\google\zip.cc:183] Skipped ZIP entry '_locales/sk/messages.json'
[1400:11412:0717/023811.778:VERBOSE1:third_party\zlib\google\zip.cc:183] Skipped ZIP entry '_locales/sl/'
[1400:11412:0717/023811.779:VERBOSE1:third_party\zlib\google\zip.cc:183] Skipped ZIP entry '_locales/sl/messages.json'
[1400:11412:0717/023811.779:VERBOSE1:third_party\zlib\google\zip.cc:183] Skipped ZIP entry '_locales/sr/'
[1400:11412:0717/023811.779:VERBOSE1:third_party\zlib\google\zip.cc:183] Skipped ZIP entry '_locales/sr/messages.json'
[1400:11412:0717/023811.780:VERBOSE1:third_party\zlib\google\zip.cc:183] Skipped ZIP entry '_locales/sv/'
[1400:11412:0717/023811.780:VERBOSE1:third_party\zlib\google\zip.cc:183] Skipped ZIP entry '_locales/sv/messages.json'
[1400:11412:0717/023811.780:VERBOSE1:third_party\zlib\google\zip.cc:183] Skipped ZIP entry '_locales/th/'
[1400:11412:0717/023811.781:VERBOSE1:third_party\zlib\google\zip.cc:183] Skipped ZIP entry '_locales/th/messages.json'
[1400:11412:0717/023811.781:VERBOSE1:third_party\zlib\google\zip.cc:183] Skipped ZIP entry '_locales/tr/'
[1400:11412:0717/023811.781:VERBOSE1:third_party\zlib\google\zip.cc:183] Skipped ZIP entry '_locales/tr/messages.json'
[1400:11412:0717/023811.782:VERBOSE1:third_party\zlib\google\zip.cc:183] Skipped ZIP entry '_locales/uk/'
[1400:11412:0717/023811.782:VERBOSE1:third_party\zlib\google\zip.cc:183] Skipped ZIP entry '_locales/uk/messages.json'
[1400:11412:0717/023811.782:VERBOSE1:third_party\zlib\google\zip.cc:183] Skipped ZIP entry '_locales/vi/'
[1400:11412:0717/023811.783:VERBOSE1:third_party\zlib\google\zip.cc:183] Skipped ZIP entry '_locales/vi/messages.json'
[1400:11412:0717/023811.785:VERBOSE1:third_party\zlib\google\zip.cc:183] Skipped ZIP entry '_locales/zh_CN/'
[1400:11412:0717/023811.785:VERBOSE1:third_party\zlib\google\zip.cc:183] Skipped ZIP entry '_locales/zh_CN/messages.json'
[1400:11412:0717/023811.786:VERBOSE1:third_party\zlib\google\zip.cc:183] Skipped ZIP entry '_locales/zh_TW/'
[1400:11412:0717/023811.787:VERBOSE1:third_party\zlib\google\zip.cc:183] Skipped ZIP entry '_locales/zh_TW/messages.json'
[1400:11412:0717/023811.787:VERBOSE1:third_party\zlib\google\zip.cc:183] Skipped ZIP entry 'craw_background.js'
[1400:11412:0717/023811.788:VERBOSE1:third_party\zlib\google\zip.cc:183] Skipped ZIP entry 'craw_window.js'
[1400:11412:0717/023811.788:VERBOSE1:third_party\zlib\google\zip.cc:183] Skipped ZIP entry 'css/'
[1400:11412:0717/023811.788:VERBOSE1:third_party\zlib\google\zip.cc:183] Skipped ZIP entry 'css/craw_window.css'
[1400:11412:0717/023811.789:VERBOSE1:third_party\zlib\google\zip.cc:183] Skipped ZIP entry 'html/'
[1400:11412:0717/023811.789:VERBOSE1:third_party\zlib\google\zip.cc:183] Skipped ZIP entry 'html/craw_window.html'
[1400:11412:0717/023811.789:VERBOSE1:third_party\zlib\google\zip.cc:183] Skipped ZIP entry 'images/'
[1400:11412:0717/023811.790:VERBOSE1:third_party\zlib\google\zip.cc:183] Skipped ZIP entry 'images/flapper.gif'
[1400:11412:0717/023811.791:VERBOSE1:third_party\zlib\google\zip.cc:183] Skipped ZIP entry 'images/icon_128.png'
[1400:11412:0717/023811.791:VERBOSE1:third_party\zlib\google\zip.cc:183] Skipped ZIP entry 'images/icon_16.png'
[1400:11412:0717/023811.791:VERBOSE1:third_party\zlib\google\zip.cc:183] Skipped ZIP entry 'images/topbar_floating_button.png'
[1400:11412:0717/023811.791:VERBOSE1:third_party\zlib\google\zip.cc:183] Skipped ZIP entry 'images/topbar_floating_button_close.png'
[1400:11412:0717/023811.792:VERBOSE1:third_party\zlib\google\zip.cc:183] Skipped ZIP entry 'images/topbar_floating_button_hover.png'
[1400:11412:0717/023811.792:VERBOSE1:third_party\zlib\google\zip.cc:183] Skipped ZIP entry 'images/topbar_floating_button_maximize.png'
[1400:11412:0717/023811.796:VERBOSE1:third_party\zlib\google\zip.cc:183] Skipped ZIP entry 'images/topbar_floating_button_pressed.png'
[1400:11412:0717/023811.827:VERBOSE1:third_party\zlib\google\zip.cc:183] Skipped ZIP entry '_metadata/'
[1400:11412:0717/023811.827:VERBOSE1:third_party\zlib\google\zip.cc:183] Skipped ZIP entry '_metadata/verified_contents.json'
[1656:15272:0717/023811.832:VERBOSE1:chrome\browser\profiles\profile_manager.cc:1407] AddKeepAlive(Default, kWebAppUpdate). keep_alives=[kWaitingForFirstBrowserWindow (1), kOffTheRecordProfile (1), kExtensionUpdater (3), kWebAppUpdate (1)]
[1656:15272:0717/023811.834:VERBOSE1:chrome\browser\web_applications\locks\partitioned_lock_manager.cc:286] Releasing <PartitionedLockId>{id: 0x666d676a6a6d6d6d6c666e6b6270706e636162666b6464626a696d63666e636d, partition: 1} requested by InstallFromInfo@chrome\browser\web_applications\commands\external_app_resolution_command.cc:788
[1656:15272:0717/023811.834:VERBOSE1:chrome\browser\web_applications\locks\partitioned_lock_manager.cc:286] Releasing <PartitionedLockId>{id: 0x31, partition: 0} requested by InstallFromInfo@chrome\browser\web_applications\commands\external_app_resolution_command.cc:788
[1656:15272:0717/023811.834:VERBOSE1:chrome\browser\web_applications\locks\partitioned_lock_manager.cc:318] Acquiring <PartitionedLockId>{id: 0x31, partition: 0} for AdjustAppStateBeforeCommit@chrome\browser\web_applications\jobs\finalize_install_job.cc:702
[1656:15272:0717/023811.834:VERBOSE1:chrome\browser\web_applications\locks\partitioned_lock_manager.cc:243] All locks acquired for AdjustAppStateBeforeCommit@chrome\browser\web_applications\jobs\finalize_install_job.cc:702
[1656:15272:0717/023811.834:VERBOSE1:chrome\browser\web_applications\locks\partitioned_lock_manager.cc:286] Releasing <PartitionedLockId>{id: 0x30, partition: 0} requested by StartInstallationTask@chrome\browser\web_applications\externally_managed_app_manager.cc:411
[1656:15272:0717/023811.835:VERBOSE1:chrome\browser\profiles\profile_manager.cc:1468] RemoveKeepAlive(Default, kWebAppUpdate). keep_alives=[kWaitingForFirstBrowserWindow (1), kOffTheRecordProfile (1), kExtensionUpdater (3)]
[1656:15272:0717/023811.836:VERBOSE1:chrome\browser\web_applications\locks\partitioned_lock_manager.cc:286] Releasing <PartitionedLockId>{id: 0x31, partition: 0} requested by AdjustAppStateBeforeCommit@chrome\browser\web_applications\jobs\finalize_install_job.cc:702
[1656:15272:0717/023811.838:VERBOSE1:chrome\browser\web_applications\locks\partitioned_lock_manager.cc:262] Acquiring <PartitionedLockId>{id: 0x31, partition: 0} for MaybeStartNext@chrome\browser\web_applications\externally_managed_app_manager.cc:271
[1656:15272:0717/023811.838:VERBOSE1:chrome\browser\web_applications\locks\partitioned_lock_manager.cc:243] All locks acquired for MaybeStartNext@chrome\browser\web_applications\externally_managed_app_manager.cc:271
[1656:15272:0717/023811.838:VERBOSE1:chrome\browser\web_applications\locks\partitioned_lock_manager.cc:262] Acquiring <PartitionedLockId>{id: 0x30, partition: 0} for StartInstallationTask@chrome\browser\web_applications\externally_managed_app_manager.cc:411
[1656:15272:0717/023811.838:VERBOSE1:chrome\browser\web_applications\locks\partitioned_lock_manager.cc:243] All locks acquired for StartInstallationTask@chrome\browser\web_applications\externally_managed_app_manager.cc:411
[1656:15272:0717/023811.838:VERBOSE1:chrome\browser\web_applications\locks\partitioned_lock_manager.cc:286] Releasing <PartitionedLockId>{id: 0x31, partition: 0} requested by MaybeStartNext@chrome\browser\web_applications\externally_managed_app_manager.cc:271
[9136:15620:0717/023811.865:VERBOSE1:extensions\renderer\script_context.cc:150] Created context:
  extension id:           (none)
  frame:                  0x595402030f88
  URL:                    
  context_type:           WEB_PAGE
  effective extension id: (none)
  effective context type: WEB_PAGE
[9136:15620:0717/023811.865:VERBOSE1:extensions\renderer\script_context.cc:150] Created context:
  extension id:           (none)
  frame:                  (nil)
  URL:                    
  context_type:           UNSPECIFIED
  effective extension id: (none)
  effective context type: UNSPECIFIED
[9136:15620:0717/023811.866:VERBOSE1:extensions\renderer\dispatcher.cc:494] Num tracked contexts: 1
[1656:15272:0717/023811.870:VERBOSE1:chrome\browser\web_applications\locks\partitioned_lock_manager.cc:262] Acquiring <PartitionedLockId>{id: 0x31, partition: 0} for InstallFromInfo@chrome\browser\web_applications\commands\external_app_resolution_command.cc:788
[1656:15272:0717/023811.870:VERBOSE1:chrome\browser\web_applications\locks\partitioned_lock_manager.cc:262] Acquiring <PartitionedLockId>{id: 0x6d706e706f6a6b6e706d6d6f706f6d626e6a646367616169656b616a626e6a62, partition: 1} for InstallFromInfo@chrome\browser\web_applications\commands\external_app_resolution_command.cc:788
[1656:15272:0717/023811.871:VERBOSE1:chrome\browser\web_applications\locks\partitioned_lock_manager.cc:243] All locks acquired for InstallFromInfo@chrome\browser\web_applications\commands\external_app_resolution_command.cc:788
[15168:10824:0717/023811.904:VERBOSE1:base\allocator\scheduler_loop_quarantine_config.cc:168] No entry found for renderer/global.
[15168:10824:0717/023811.904:VERBOSE1:base\allocator\scheduler_loop_quarantine_config.cc:168] No entry found for renderer/*.
[15168:10824:0717/023811.904:VERBOSE1:base\allocator\scheduler_loop_quarantine_config.cc:168] No entry found for renderer/amsc.
[15168:10824:0717/023811.904:VERBOSE1:base\allocator\scheduler_loop_quarantine_config.cc:168] No entry found for renderer/main.
[15168:10824:0717/023811.904:VERBOSE1:base\allocator\scheduler_loop_quarantine_config.cc:168] No entry found for renderer/io.
[15168:10824:0717/023811.904:VERBOSE1:base\allocator\scheduler_loop_quarantine_config.cc:168] No entry found for renderer/main.
[1656:15272:0717/023811.905:VERBOSE1:chrome\browser\profiles\profile_manager.cc:1407] AddKeepAlive(Default, kWebAppUpdate). keep_alives=[kWaitingForFirstBrowserWindow (1), kOffTheRecordProfile (1), kExtensionUpdater (3), kWebAppUpdate (1)]
[1656:15272:0717/023811.906:VERBOSE1:chrome\browser\web_applications\locks\partitioned_lock_manager.cc:286] Releasing <PartitionedLockId>{id: 0x6d706e706f6a6b6e706d6d6f706f6d626e6a646367616169656b616a626e6a62, partition: 1} requested by InstallFromInfo@chrome\browser\web_applications\commands\external_app_resolution_command.cc:788
[1656:15272:0717/023811.906:VERBOSE1:chrome\browser\web_applications\locks\partitioned_lock_manager.cc:286] Releasing <PartitionedLockId>{id: 0x31, partition: 0} requested by InstallFromInfo@chrome\browser\web_applications\commands\external_app_resolution_command.cc:788
[1656:15272:0717/023811.906:VERBOSE1:chrome\browser\web_applications\locks\partitioned_lock_manager.cc:318] Acquiring <PartitionedLockId>{id: 0x31, partition: 0} for AdjustAppStateBeforeCommit@chrome\browser\web_applications\jobs\finalize_install_job.cc:702
[1656:15272:0717/023811.906:VERBOSE1:chrome\browser\web_applications\locks\partitioned_lock_manager.cc:243] All locks acquired for AdjustAppStateBeforeCommit@chrome\browser\web_applications\jobs\finalize_install_job.cc:702
[1656:15272:0717/023811.906:VERBOSE1:chrome\browser\web_applications\locks\partitioned_lock_manager.cc:286] Releasing <PartitionedLockId>{id: 0x30, partition: 0} requested by StartInstallationTask@chrome\browser\web_applications\externally_managed_app_manager.cc:411
[1656:15272:0717/023811.906:VERBOSE1:chrome\browser\profiles\profile_manager.cc:1468] RemoveKeepAlive(Default, kWebAppUpdate). keep_alives=[kWaitingForFirstBrowserWindow (1), kOffTheRecordProfile (1), kExtensionUpdater (3)]
[1656:15272:0717/023811.906:VERBOSE1:chrome\browser\web_applications\locks\partitioned_lock_manager.cc:286] Releasing <PartitionedLockId>{id: 0x31, partition: 0} requested by AdjustAppStateBeforeCommit@chrome\browser\web_applications\jobs\finalize_install_job.cc:702
[15168:10824:0717/023811.907:INFO:third_party\webrtc\rtc_base\cpu_info.cc:77] Available number of cores: 8
[1656:15272:0717/023811.908:VERBOSE1:chrome\browser\web_applications\locks\partitioned_lock_manager.cc:262] Acquiring <PartitionedLockId>{id: 0x31, partition: 0} for MaybeStartNext@chrome\browser\web_applications\externally_managed_app_manager.cc:271
[1656:15272:0717/023811.908:VERBOSE1:chrome\browser\web_applications\locks\partitioned_lock_manager.cc:243] All locks acquired for MaybeStartNext@chrome\browser\web_applications\externally_managed_app_manager.cc:271
[1656:15272:0717/023811.908:VERBOSE1:chrome\browser\web_applications\locks\partitioned_lock_manager.cc:262] Acquiring <PartitionedLockId>{id: 0x30, partition: 0} for StartInstallationTask@chrome\browser\web_applications\externally_managed_app_manager.cc:411
[1656:15272:0717/023811.909:VERBOSE1:chrome\browser\web_applications\locks\partitioned_lock_manager.cc:243] All locks acquired for StartInstallationTask@chrome\browser\web_applications\externally_managed_app_manager.cc:411
[1656:15272:0717/023811.909:VERBOSE1:chrome\browser\web_applications\locks\partitioned_lock_manager.cc:286] Releasing <PartitionedLockId>{id: 0x31, partition: 0} requested by MaybeStartNext@chrome\browser\web_applications\externally_managed_app_manager.cc:271
[10500:5084:0717/023811.941:VERBOSE1:net\base\network_delegate.cc:38] NetworkDelegate::NotifyBeforeURLRequest: https://android.clients.google.com/checkin
[11856:10312:0717/023811.945:VERBOSE1:base\allocator\scheduler_loop_quarantine_config.cc:168] No entry found for renderer/global.
[11856:10312:0717/023811.945:VERBOSE1:base\allocator\scheduler_loop_quarantine_config.cc:168] No entry found for renderer/*.
[11856:10312:0717/023811.945:VERBOSE1:base\allocator\scheduler_loop_quarantine_config.cc:168] No entry found for renderer/amsc.
[11856:10312:0717/023811.945:VERBOSE1:base\allocator\scheduler_loop_quarantine_config.cc:168] No entry found for renderer/main.
[11856:10312:0717/023811.945:VERBOSE1:base\allocator\scheduler_loop_quarantine_config.cc:168] No entry found for renderer/io.
[11856:10312:0717/023811.945:VERBOSE1:base\allocator\scheduler_loop_quarantine_config.cc:168] No entry found for renderer/main.
[11856:10312:0717/023811.947:INFO:third_party\webrtc\rtc_base\cpu_info.cc:77] Available number of cores: 8
[15168:10824:0717/023811.949:VERBOSE1:extensions\renderer\script_context.cc:150] Created context:
  extension id:           (none)
  frame:                  0x90c02030f88
  URL:                    
  context_type:           WEB_PAGE
  effective extension id: (none)
  effective context type: WEB_PAGE
[15168:10824:0717/023811.950:VERBOSE1:extensions\renderer\script_context.cc:150] Created context:
  extension id:           (none)
  frame:                  (nil)
  URL:                    
  context_type:           UNSPECIFIED
  effective extension id: (none)
  effective context type: UNSPECIFIED
[15168:10824:0717/023811.951:VERBOSE1:extensions\renderer\dispatcher.cc:494] Num tracked contexts: 1
[1656:15272:0717/023811.955:VERBOSE1:chrome\browser\web_applications\locks\partitioned_lock_manager.cc:262] Acquiring <PartitionedLockId>{id: 0x31, partition: 0} for InstallFromInfo@chrome\browser\web_applications\commands\external_app_resolution_command.cc:788
[1656:15272:0717/023811.955:VERBOSE1:chrome\browser\web_applications\locks\partitioned_lock_manager.cc:262] Acquiring <PartitionedLockId>{id: 0x61676862696168627061696a69676e6365696465706f6f6b6c6a65626866616b, partition: 1} for InstallFromInfo@chrome\browser\web_applications\commands\external_app_resolution_command.cc:788
[1656:15272:0717/023811.955:VERBOSE1:chrome\browser\web_applications\locks\partitioned_lock_manager.cc:243] All locks acquired for InstallFromInfo@chrome\browser\web_applications\commands\external_app_resolution_command.cc:788
[1656:15272:0717/023811.993:VERBOSE1:chrome\browser\profiles\profile_manager.cc:1407] AddKeepAlive(Default, kWebAppUpdate). keep_alives=[kWaitingForFirstBrowserWindow (1), kOffTheRecordProfile (1), kExtensionUpdater (3), kWebAppUpdate (1)]
[1656:15272:0717/023811.994:VERBOSE1:chrome\browser\web_applications\locks\partitioned_lock_manager.cc:286] Releasing <PartitionedLockId>{id: 0x61676862696168627061696a69676e6365696465706f6f6b6c6a65626866616b, partition: 1} requested by InstallFromInfo@chrome\browser\web_applications\commands\external_app_resolution_command.cc:788
[1656:15272:0717/023811.994:VERBOSE1:chrome\browser\web_applications\locks\partitioned_lock_manager.cc:286] Releasing <PartitionedLockId>{id: 0x31, partition: 0} requested by InstallFromInfo@chrome\browser\web_applications\commands\external_app_resolution_command.cc:788
[1656:15272:0717/023811.994:VERBOSE1:chrome\browser\web_applications\locks\partitioned_lock_manager.cc:318] Acquiring <PartitionedLockId>{id: 0x31, partition: 0} for AdjustAppStateBeforeCommit@chrome\browser\web_applications\jobs\finalize_install_job.cc:702
[1656:15272:0717/023811.994:VERBOSE1:chrome\browser\web_applications\locks\partitioned_lock_manager.cc:243] All locks acquired for AdjustAppStateBeforeCommit@chrome\browser\web_applications\jobs\finalize_install_job.cc:702
[1656:15272:0717/023811.994:VERBOSE1:chrome\browser\web_applications\locks\partitioned_lock_manager.cc:286] Releasing <PartitionedLockId>{id: 0x30, partition: 0} requested by StartInstallationTask@chrome\browser\web_applications\externally_managed_app_manager.cc:411
[1656:15272:0717/023811.994:VERBOSE1:chrome\browser\profiles\profile_manager.cc:1468] RemoveKeepAlive(Default, kWebAppUpdate). keep_alives=[kWaitingForFirstBrowserWindow (1), kOffTheRecordProfile (1), kExtensionUpdater (3)]
[1656:15272:0717/023811.994:VERBOSE1:chrome\browser\web_applications\locks\partitioned_lock_manager.cc:286] Releasing <PartitionedLockId>{id: 0x31, partition: 0} requested by AdjustAppStateBeforeCommit@chrome\browser\web_applications\jobs\finalize_install_job.cc:702
[14952:7756:0717/023811.995:VERBOSE1:base\allocator\scheduler_loop_quarantine_config.cc:168] No entry found for utility.unz..om.Unzipper/global.
[14952:7756:0717/023811.995:VERBOSE1:base\allocator\scheduler_loop_quarantine_config.cc:168] No entry found for utility.unzip.mojom.Unzipper/*.
[14952:7756:0717/023811.995:VERBOSE1:base\allocator\scheduler_loop_quarantine_config.cc:168] No entry found for utility.unzi..jom.Unzipper/amsc.
[14952:7756:0717/023811.995:VERBOSE1:base\allocator\scheduler_loop_quarantine_config.cc:168] No entry found for utility/main.
[14952:7756:0717/023811.995:VERBOSE1:base\allocator\scheduler_loop_quarantine_config.cc:168] No entry found for utility/io.
[14952:7756:0717/023811.995:VERBOSE1:base\allocator\scheduler_loop_quarantine_config.cc:168] No entry found for utility.unzi..jom.Unzipper/main.
[1656:15272:0717/023811.995:VERBOSE1:chrome\browser\web_applications\locks\partitioned_lock_manager.cc:262] Acquiring <PartitionedLockId>{id: 0x31, partition: 0} for MaybeStartNext@chrome\browser\web_applications\externally_managed_app_manager.cc:271
[1656:15272:0717/023811.995:VERBOSE1:chrome\browser\web_applications\locks\partitioned_lock_manager.cc:243] All locks acquired for MaybeStartNext@chrome\browser\web_applications\externally_managed_app_manager.cc:271
[1656:15272:0717/023811.996:VERBOSE1:chrome\browser\web_applications\locks\partitioned_lock_manager.cc:262] Acquiring <PartitionedLockId>{id: 0x30, partition: 0} for StartInstallationTask@chrome\browser\web_applications\externally_managed_app_manager.cc:411
[1656:15272:0717/023811.996:VERBOSE1:chrome\browser\web_applications\locks\partitioned_lock_manager.cc:243] All locks acquired for StartInstallationTask@chrome\browser\web_applications\externally_managed_app_manager.cc:411
[1656:15272:0717/023811.996:VERBOSE1:chrome\browser\web_applications\locks\partitioned_lock_manager.cc:286] Releasing <PartitionedLockId>{id: 0x31, partition: 0} requested by MaybeStartNext@chrome\browser\web_applications\externally_managed_app_manager.cc:271
[13376:12356:0717/023811.997:VERBOSE1:base\allocator\scheduler_loop_quarantine_config.cc:168] No entry found for utility.unz..om.Unzipper/global.
[13376:12356:0717/023811.997:VERBOSE1:base\allocator\scheduler_loop_quarantine_config.cc:168] No entry found for utility.unzip.mojom.Unzipper/*.
[13376:12356:0717/023811.997:VERBOSE1:base\allocator\scheduler_loop_quarantine_config.cc:168] No entry found for utility.unzi..jom.Unzipper/amsc.
[13376:12356:0717/023811.997:VERBOSE1:base\allocator\scheduler_loop_quarantine_config.cc:168] No entry found for utility/main.
[13376:12356:0717/023811.997:VERBOSE1:base\allocator\scheduler_loop_quarantine_config.cc:168] No entry found for utility/io.
[13376:12356:0717/023811.998:VERBOSE1:base\allocator\scheduler_loop_quarantine_config.cc:168] No entry found for utility.unzi..jom.Unzipper/main.
[11856:10312:0717/023812.020:VERBOSE1:extensions\renderer\script_context.cc:150] Created context:
  extension id:           (none)
  frame:                  0x6fb402030f88
  URL:                    
  context_type:           WEB_PAGE
  effective extension id: (none)
  effective context type: WEB_PAGE
[11856:10312:0717/023812.021:VERBOSE1:extensions\renderer\script_context.cc:150] Created context:
  extension id:           (none)
  frame:                  (nil)
  URL:                    
  context_type:           UNSPECIFIED
  effective extension id: (none)
  effective context type: UNSPECIFIED
[11856:10312:0717/023812.021:VERBOSE1:extensions\renderer\dispatcher.cc:494] Num tracked contexts: 1
[1656:15272:0717/023812.025:VERBOSE1:chrome\browser\web_applications\locks\partitioned_lock_manager.cc:262] Acquiring <PartitionedLockId>{id: 0x31, partition: 0} for InstallFromInfo@chrome\browser\web_applications\commands\external_app_resolution_command.cc:788
[1656:15272:0717/023812.025:VERBOSE1:chrome\browser\web_applications\locks\partitioned_lock_manager.cc:262] Acquiring <PartitionedLockId>{id: 0x6668696870696f6a6b626d6270646a656f616a61706d676b686c6e616b666a66, partition: 1} for InstallFromInfo@chrome\browser\web_applications\commands\external_app_resolution_command.cc:788
[1656:15272:0717/023812.025:VERBOSE1:chrome\browser\web_applications\locks\partitioned_lock_manager.cc:243] All locks acquired for InstallFromInfo@chrome\browser\web_applications\commands\external_app_resolution_command.cc:788
[1656:15272:0717/023812.055:VERBOSE1:chrome\browser\profiles\profile_manager.cc:1407] AddKeepAlive(Default, kWebAppUpdate). keep_alives=[kWaitingForFirstBrowserWindow (1), kOffTheRecordProfile (1), kExtensionUpdater (3), kWebAppUpdate (1)]
[1656:15272:0717/023812.055:VERBOSE1:chrome\browser\web_applications\locks\partitioned_lock_manager.cc:286] Releasing <PartitionedLockId>{id: 0x6668696870696f6a6b626d6270646a656f616a61706d676b686c6e616b666a66, partition: 1} requested by InstallFromInfo@chrome\browser\web_applications\commands\external_app_resolution_command.cc:788
[1656:15272:0717/023812.055:VERBOSE1:chrome\browser\web_applications\locks\partitioned_lock_manager.cc:286] Releasing <PartitionedLockId>{id: 0x31, partition: 0} requested by InstallFromInfo@chrome\browser\web_applications\commands\external_app_resolution_command.cc:788
[1656:15272:0717/023812.055:VERBOSE1:chrome\browser\web_applications\locks\partitioned_lock_manager.cc:318] Acquiring <PartitionedLockId>{id: 0x31, partition: 0} for AdjustAppStateBeforeCommit@chrome\browser\web_applications\jobs\finalize_install_job.cc:702
[1656:15272:0717/023812.055:VERBOSE1:chrome\browser\web_applications\locks\partitioned_lock_manager.cc:243] All locks acquired for AdjustAppStateBeforeCommit@chrome\browser\web_applications\jobs\finalize_install_job.cc:702
[1656:15272:0717/023812.055:VERBOSE1:chrome\browser\web_applications\locks\partitioned_lock_manager.cc:286] Releasing <PartitionedLockId>{id: 0x30, partition: 0} requested by StartInstallationTask@chrome\browser\web_applications\externally_managed_app_manager.cc:411
[1656:15272:0717/023812.055:VERBOSE1:chrome\browser\profiles\profile_manager.cc:1468] RemoveKeepAlive(Default, kWebAppUpdate). keep_alives=[kWaitingForFirstBrowserWindow (1), kOffTheRecordProfile (1), kExtensionUpdater (3)]
[1656:15272:0717/023812.056:VERBOSE1:chrome\browser\web_applications\locks\partitioned_lock_manager.cc:286] Releasing <PartitionedLockId>{id: 0x31, partition: 0} requested by AdjustAppStateBeforeCommit@chrome\browser\web_applications\jobs\finalize_install_job.cc:702
[1656:15272:0717/023812.058:VERBOSE1:chrome\browser\web_applications\locks\partitioned_lock_manager.cc:262] Acquiring <PartitionedLockId>{id: 0x31, partition: 0} for MaybeStartNext@chrome\browser\web_applications\externally_managed_app_manager.cc:271
[1656:15272:0717/023812.058:VERBOSE1:chrome\browser\web_applications\locks\partitioned_lock_manager.cc:243] All locks acquired for MaybeStartNext@chrome\browser\web_applications\externally_managed_app_manager.cc:271
[1656:15272:0717/023812.058:VERBOSE1:chrome\browser\web_applications\locks\partitioned_lock_manager.cc:262] Acquiring <PartitionedLockId>{id: 0x30, partition: 0} for StartInstallationTask@chrome\browser\web_applications\externally_managed_app_manager.cc:411
[1656:15272:0717/023812.058:VERBOSE1:chrome\browser\web_applications\locks\partitioned_lock_manager.cc:243] All locks acquired for StartInstallationTask@chrome\browser\web_applications\externally_managed_app_manager.cc:411
[1656:15272:0717/023812.058:VERBOSE1:chrome\browser\web_applications\locks\partitioned_lock_manager.cc:286] Releasing <PartitionedLockId>{id: 0x31, partition: 0} requested by MaybeStartNext@chrome\browser\web_applications\externally_managed_app_manager.cc:271
[10256:16380:0717/023812.062:VERBOSE1:base\allocator\scheduler_loop_quarantine_config.cc:168] No entry found for renderer/global.
[10256:16380:0717/023812.062:VERBOSE1:base\allocator\scheduler_loop_quarantine_config.cc:168] No entry found for renderer/*.
[10256:16380:0717/023812.062:VERBOSE1:base\allocator\scheduler_loop_quarantine_config.cc:168] No entry found for renderer/amsc.
[10256:16380:0717/023812.062:VERBOSE1:base\allocator\scheduler_loop_quarantine_config.cc:168] No entry found for renderer/main.
[10256:16380:0717/023812.062:VERBOSE1:base\allocator\scheduler_loop_quarantine_config.cc:168] No entry found for renderer/io.
[10256:16380:0717/023812.062:VERBOSE1:base\allocator\scheduler_loop_quarantine_config.cc:168] No entry found for renderer/main.
[10256:16380:0717/023812.065:INFO:third_party\webrtc\rtc_base\cpu_info.cc:77] Available number of cores: 8
[6160:13052:0717/023812.111:VERBOSE1:base\allocator\scheduler_loop_quarantine_config.cc:168] No entry found for renderer/global.
[6160:13052:0717/023812.112:VERBOSE1:base\allocator\scheduler_loop_quarantine_config.cc:168] No entry found for renderer/*.
[6160:13052:0717/023812.112:VERBOSE1:base\allocator\scheduler_loop_quarantine_config.cc:168] No entry found for renderer/amsc.
[6160:13052:0717/023812.112:VERBOSE1:base\allocator\scheduler_loop_quarantine_config.cc:168] No entry found for renderer/main.
[6160:13052:0717/023812.112:VERBOSE1:base\allocator\scheduler_loop_quarantine_config.cc:168] No entry found for renderer/io.
[6160:13052:0717/023812.112:VERBOSE1:base\allocator\scheduler_loop_quarantine_config.cc:168] No entry found for renderer/main.
[10256:16380:0717/023812.113:VERBOSE1:extensions\renderer\script_context.cc:150] Created context:
  extension id:           (none)
  frame:                  0x7a9c02030f88
  URL:                    
  context_type:           WEB_PAGE
  effective extension id: (none)
  effective context type: WEB_PAGE
[10256:16380:0717/023812.113:VERBOSE1:extensions\renderer\script_context.cc:150] Created context:
  extension id:           (none)
  frame:                  (nil)
  URL:                    
  context_type:           UNSPECIFIED
  effective extension id: (none)
  effective context type: UNSPECIFIED
[10256:16380:0717/023812.114:VERBOSE1:extensions\renderer\dispatcher.cc:494] Num tracked contexts: 1
[6160:13052:0717/023812.115:INFO:third_party\webrtc\rtc_base\cpu_info.cc:77] Available number of cores: 8
[1656:15272:0717/023812.119:VERBOSE1:chrome\browser\web_applications\locks\partitioned_lock_manager.cc:262] Acquiring <PartitionedLockId>{id: 0x31, partition: 0} for InstallFromInfo@chrome\browser\web_applications\commands\external_app_resolution_command.cc:788
[1656:15272:0717/023812.119:VERBOSE1:chrome\browser\web_applications\locks\partitioned_lock_manager.cc:262] Acquiring <PartitionedLockId>{id: 0x6b65666a6c65646f6e6b6c696a6f706d6e6f6d6c6362706c6c63686169626167, partition: 1} for InstallFromInfo@chrome\browser\web_applications\commands\external_app_resolution_command.cc:788
[1656:15272:0717/023812.119:VERBOSE1:chrome\browser\web_applications\locks\partitioned_lock_manager.cc:243] All locks acquired for InstallFromInfo@chrome\browser\web_applications\commands\external_app_resolution_command.cc:788
[13376:13516:0717/023812.145:VERBOSE1:third_party\zlib\google\zip.cc:183] Skipped ZIP entry 'manifest.json'
[1656:15272:0717/023812.146:VERBOSE1:chrome\browser\profiles\profile_manager.cc:1407] AddKeepAlive(Default, kWebAppUpdate). keep_alives=[kWaitingForFirstBrowserWindow (1), kOffTheRecordProfile (1), kExtensionUpdater (3), kWebAppUpdate (1)]
[1656:15272:0717/023812.147:VERBOSE1:chrome\browser\web_applications\locks\partitioned_lock_manager.cc:286] Releasing <PartitionedLockId>{id: 0x6b65666a6c65646f6e6b6c696a6f706d6e6f6d6c6362706c6c63686169626167, partition: 1} requested by InstallFromInfo@chrome\browser\web_applications\commands\external_app_resolution_command.cc:788
[1656:15272:0717/023812.147:VERBOSE1:chrome\browser\web_applications\locks\partitioned_lock_manager.cc:286] Releasing <PartitionedLockId>{id: 0x31, partition: 0} requested by InstallFromInfo@chrome\browser\web_applications\commands\external_app_resolution_command.cc:788
[1656:15272:0717/023812.147:VERBOSE1:chrome\browser\web_applications\locks\partitioned_lock_manager.cc:318] Acquiring <PartitionedLockId>{id: 0x31, partition: 0} for AdjustAppStateBeforeCommit@chrome\browser\web_applications\jobs\finalize_install_job.cc:702
[1656:15272:0717/023812.147:VERBOSE1:chrome\browser\web_applications\locks\partitioned_lock_manager.cc:243] All locks acquired for AdjustAppStateBeforeCommit@chrome\browser\web_applications\jobs\finalize_install_job.cc:702
[1656:15272:0717/023812.147:VERBOSE1:chrome\browser\web_applications\locks\partitioned_lock_manager.cc:286] Releasing <PartitionedLockId>{id: 0x30, partition: 0} requested by StartInstallationTask@chrome\browser\web_applications\externally_managed_app_manager.cc:411
[1656:15272:0717/023812.147:VERBOSE1:chrome\browser\profiles\profile_manager.cc:1468] RemoveKeepAlive(Default, kWebAppUpdate). keep_alives=[kWaitingForFirstBrowserWindow (1), kOffTheRecordProfile (1), kExtensionUpdater (3)]
[1656:15272:0717/023812.147:VERBOSE1:chrome\browser\web_applications\locks\partitioned_lock_manager.cc:286] Releasing <PartitionedLockId>{id: 0x31, partition: 0} requested by AdjustAppStateBeforeCommit@chrome\browser\web_applications\jobs\finalize_install_job.cc:702
[1656:15272:0717/023812.149:VERBOSE1:chrome\browser\web_applications\locks\partitioned_lock_manager.cc:262] Acquiring <PartitionedLockId>{id: 0x31, partition: 0} for MaybeStartNext@chrome\browser\web_applications\externally_managed_app_manager.cc:271
[1656:15272:0717/023812.149:VERBOSE1:chrome\browser\web_applications\locks\partitioned_lock_manager.cc:243] All locks acquired for MaybeStartNext@chrome\browser\web_applications\externally_managed_app_manager.cc:271
[1656:15272:0717/023812.149:VERBOSE1:chrome\browser\web_applications\locks\partitioned_lock_manager.cc:262] Acquiring <PartitionedLockId>{id: 0x30, partition: 0} for StartInstallationTask@chrome\browser\web_applications\externally_managed_app_manager.cc:411
[1656:15272:0717/023812.149:VERBOSE1:chrome\browser\web_applications\locks\partitioned_lock_manager.cc:243] All locks acquired for StartInstallationTask@chrome\browser\web_applications\externally_managed_app_manager.cc:411
[1656:15272:0717/023812.149:VERBOSE1:chrome\browser\web_applications\locks\partitioned_lock_manager.cc:286] Releasing <PartitionedLockId>{id: 0x31, partition: 0} requested by MaybeStartNext@chrome\browser\web_applications\externally_managed_app_manager.cc:271
[6160:13052:0717/023812.172:VERBOSE1:extensions\renderer\script_context.cc:150] Created context:
  extension id:           (none)
  frame:                  0x5f3c02030f88
  URL:                    
  context_type:           WEB_PAGE
  effective extension id: (none)
  effective context type: WEB_PAGE
[6160:13052:0717/023812.173:VERBOSE1:extensions\renderer\script_context.cc:150] Created context:
  extension id:           (none)
  frame:                  (nil)
  URL:                    
  context_type:           UNSPECIFIED
  effective extension id: (none)
  effective context type: UNSPECIFIED
[6160:13052:0717/023812.174:VERBOSE1:extensions\renderer\dispatcher.cc:494] Num tracked contexts: 1
[1656:15272:0717/023812.177:VERBOSE1:chrome\browser\web_applications\locks\partitioned_lock_manager.cc:262] Acquiring <PartitionedLockId>{id: 0x31, partition: 0} for InstallFromInfo@chrome\browser\web_applications\commands\external_app_resolution_command.cc:788
[1656:15272:0717/023812.177:VERBOSE1:chrome\browser\web_applications\locks\partitioned_lock_manager.cc:262] Acquiring <PartitionedLockId>{id: 0x6167696d6e6b696a636161686e6763646d6665616e67616b6e6d6c646f6f6d6c, partition: 1} for InstallFromInfo@chrome\browser\web_applications\commands\external_app_resolution_command.cc:788
[1656:15272:0717/023812.177:VERBOSE1:chrome\browser\web_applications\locks\partitioned_lock_manager.cc:243] All locks acquired for InstallFromInfo@chrome\browser\web_applications\commands\external_app_resolution_command.cc:788
[14952:14400:0717/023812.191:VERBOSE1:third_party\zlib\google\zip.cc:183] Skipped ZIP entry 'manifest.json'
[7628:4396:0717/023812.194:VERBOSE1:base\allocator\scheduler_loop_quarantine_config.cc:168] No entry found for renderer/global.
[7628:4396:0717/023812.194:VERBOSE1:base\allocator\scheduler_loop_quarantine_config.cc:168] No entry found for renderer/*.
[7628:4396:0717/023812.194:VERBOSE1:base\allocator\scheduler_loop_quarantine_config.cc:168] No entry found for renderer/amsc.
[7628:4396:0717/023812.194:VERBOSE1:base\allocator\scheduler_loop_quarantine_config.cc:168] No entry found for renderer/main.
[7628:4396:0717/023812.194:VERBOSE1:base\allocator\scheduler_loop_quarantine_config.cc:168] No entry found for renderer/io.
[7628:4396:0717/023812.194:VERBOSE1:base\allocator\scheduler_loop_quarantine_config.cc:168] No entry found for renderer/main.
[7628:4396:0717/023812.196:INFO:third_party\webrtc\rtc_base\cpu_info.cc:77] Available number of cores: 8
[10500:5084:0717/023812.209:VERBOSE1:net\base\network_delegate.cc:38] NetworkDelegate::NotifyBeforeURLRequest: https://android.clients.google.com/c2dm/register3
[10500:5084:0717/023812.209:VERBOSE1:net\base\network_delegate.cc:38] NetworkDelegate::NotifyBeforeURLRequest: https://android.clients.google.com/c2dm/register3
[10500:5084:0717/023812.209:VERBOSE1:net\base\network_delegate.cc:38] NetworkDelegate::NotifyBeforeURLRequest: https://android.clients.google.com/c2dm/register3
[10500:5084:0717/023812.210:VERBOSE1:net\third_party\quiche\src\quiche\quic\core\tls_handshaker.cc:109] TlsClient: Continuing handshake
[1656:15272:0717/023812.227:VERBOSE1:chrome\browser\profiles\profile_manager.cc:1407] AddKeepAlive(Default, kWebAppUpdate). keep_alives=[kWaitingForFirstBrowserWindow (1), kOffTheRecordProfile (1), kExtensionUpdater (3), kWebAppUpdate (1)]
[1656:15272:0717/023812.228:VERBOSE1:chrome\browser\web_applications\locks\partitioned_lock_manager.cc:286] Releasing <PartitionedLockId>{id: 0x6167696d6e6b696a636161686e6763646d6665616e67616b6e6d6c646f6f6d6c, partition: 1} requested by InstallFromInfo@chrome\browser\web_applications\commands\external_app_resolution_command.cc:788
[1656:15272:0717/023812.228:VERBOSE1:chrome\browser\web_applications\locks\partitioned_lock_manager.cc:286] Releasing <PartitionedLockId>{id: 0x31, partition: 0} requested by InstallFromInfo@chrome\browser\web_applications\commands\external_app_resolution_command.cc:788
[1656:15272:0717/023812.228:VERBOSE1:chrome\browser\web_applications\locks\partitioned_lock_manager.cc:318] Acquiring <PartitionedLockId>{id: 0x31, partition: 0} for AdjustAppStateBeforeCommit@chrome\browser\web_applications\jobs\finalize_install_job.cc:702
[1656:15272:0717/023812.228:VERBOSE1:chrome\browser\web_applications\locks\partitioned_lock_manager.cc:243] All locks acquired for AdjustAppStateBeforeCommit@chrome\browser\web_applications\jobs\finalize_install_job.cc:702
[1656:15272:0717/023812.228:VERBOSE1:chrome\browser\web_applications\locks\partitioned_lock_manager.cc:286] Releasing <PartitionedLockId>{id: 0x30, partition: 0} requested by StartInstallationTask@chrome\browser\web_applications\externally_managed_app_manager.cc:411
[1656:15272:0717/023812.228:VERBOSE1:chrome\browser\profiles\profile_manager.cc:1468] RemoveKeepAlive(Default, kWebAppUpdate). keep_alives=[kWaitingForFirstBrowserWindow (1), kOffTheRecordProfile (1), kExtensionUpdater (3)]
[1656:15272:0717/023812.228:VERBOSE1:chrome\browser\web_applications\locks\partitioned_lock_manager.cc:286] Releasing <PartitionedLockId>{id: 0x31, partition: 0} requested by AdjustAppStateBeforeCommit@chrome\browser\web_applications\jobs\finalize_install_job.cc:702
[1656:15272:0717/023812.229:VERBOSE1:chrome\browser\web_applications\locks\partitioned_lock_manager.cc:262] Acquiring <PartitionedLockId>{id: 0x31, partition: 0} for MaybeStartNext@chrome\browser\web_applications\externally_managed_app_manager.cc:271
[1656:15272:0717/023812.229:VERBOSE1:chrome\browser\web_applications\locks\partitioned_lock_manager.cc:243] All locks acquired for MaybeStartNext@chrome\browser\web_applications\externally_managed_app_manager.cc:271
[1656:15272:0717/023812.230:VERBOSE1:chrome\browser\web_applications\locks\partitioned_lock_manager.cc:262] Acquiring <PartitionedLockId>{id: 0x30, partition: 0} for StartInstallationTask@chrome\browser\web_applications\externally_managed_app_manager.cc:411
[1656:15272:0717/023812.230:VERBOSE1:chrome\browser\web_applications\locks\partitioned_lock_manager.cc:243] All locks acquired for StartInstallationTask@chrome\browser\web_applications\externally_managed_app_manager.cc:411
[1656:15272:0717/023812.230:VERBOSE1:chrome\browser\web_applications\locks\partitioned_lock_manager.cc:286] Releasing <PartitionedLockId>{id: 0x31, partition: 0} requested by MaybeStartNext@chrome\browser\web_applications\externally_managed_app_manager.cc:271
[6216:3664:0717/023812.237:VERBOSE1:base\allocator\scheduler_loop_quarantine_config.cc:168] No entry found for utility.dat..oderService/global.
[6216:3664:0717/023812.237:VERBOSE1:base\allocator\scheduler_loop_quarantine_config.cc:168] No entry found for utility.data_..ecoderService/*.
[6216:3664:0717/023812.237:VERBOSE1:base\allocator\scheduler_loop_quarantine_config.cc:168] No entry found for utility.data..coderService/amsc.
[6216:3664:0717/023812.237:VERBOSE1:base\allocator\scheduler_loop_quarantine_config.cc:168] No entry found for utility/main.
[6216:3664:0717/023812.237:VERBOSE1:base\allocator\scheduler_loop_quarantine_config.cc:168] No entry found for utility/io.
[10392:15520:0717/023812.237:VERBOSE1:base\allocator\scheduler_loop_quarantine_config.cc:168] No entry found for utility.dat..oderService/global.
[10392:15520:0717/023812.237:VERBOSE1:base\allocator\scheduler_loop_quarantine_config.cc:168] No entry found for utility.data_..ecoderService/*.
[10392:15520:0717/023812.237:VERBOSE1:base\allocator\scheduler_loop_quarantine_config.cc:168] No entry found for utility.data..coderService/amsc.
[10392:15520:0717/023812.237:VERBOSE1:base\allocator\scheduler_loop_quarantine_config.cc:168] No entry found for utility/main.
[10392:15520:0717/023812.237:VERBOSE1:base\allocator\scheduler_loop_quarantine_config.cc:168] No entry found for utility/io.
[6216:3664:0717/023812.237:VERBOSE1:base\allocator\scheduler_loop_quarantine_config.cc:168] No entry found for utility.data..coderService/main.
[10392:15520:0717/023812.237:VERBOSE1:base\allocator\scheduler_loop_quarantine_config.cc:168] No entry found for utility.data..coderService/main.
[10500:5084:0717/023812.243:VERBOSE1:net\third_party\quiche\src\quiche\quic\core\tls_handshaker.cc:109] TlsClient: Continuing handshake
[10500:5084:0717/023812.243:VERBOSE1:net\third_party\quiche\src\quiche\quic\core\tls_handshaker.cc:109] TlsClient: Continuing handshake
[7628:4396:0717/023812.256:VERBOSE1:extensions\renderer\script_context.cc:150] Created context:
  extension id:           (none)
  frame:                  0x5d3402030f88
  URL:                    
  context_type:           WEB_PAGE
  effective extension id: (none)
  effective context type: WEB_PAGE
[7628:4396:0717/023812.256:VERBOSE1:extensions\renderer\script_context.cc:150] Created context:
  extension id:           (none)
  frame:                  (nil)
  URL:                    
  context_type:           UNSPECIFIED
  effective extension id: (none)
  effective context type: UNSPECIFIED
[7628:4396:0717/023812.256:VERBOSE1:extensions\renderer\dispatcher.cc:494] Num tracked contexts: 1
[1656:15272:0717/023812.260:VERBOSE1:chrome\browser\web_applications\locks\partitioned_lock_manager.cc:262] Acquiring <PartitionedLockId>{id: 0x31, partition: 0} for InstallFromInfo@chrome\browser\web_applications\commands\external_app_resolution_command.cc:788
[1656:15272:0717/023812.260:VERBOSE1:chrome\browser\web_applications\locks\partitioned_lock_manager.cc:262] Acquiring <PartitionedLockId>{id: 0x706f6d6d61636c6362666768636c68616c626f616b636970636d6d6e6468636a, partition: 1} for InstallFromInfo@chrome\browser\web_applications\commands\external_app_resolution_command.cc:788
[1656:15272:0717/023812.260:VERBOSE1:chrome\browser\web_applications\locks\partitioned_lock_manager.cc:243] All locks acquired for InstallFromInfo@chrome\browser\web_applications\commands\external_app_resolution_command.cc:788
[7604:14012:0717/023812.271:VERBOSE1:base\allocator\scheduler_loop_quarantine_config.cc:168] No entry found for renderer/global.
[7604:14012:0717/023812.271:VERBOSE1:base\allocator\scheduler_loop_quarantine_config.cc:168] No entry found for renderer/*.
[7604:14012:0717/023812.271:VERBOSE1:base\allocator\scheduler_loop_quarantine_config.cc:168] No entry found for renderer/amsc.
[7604:14012:0717/023812.271:VERBOSE1:base\allocator\scheduler_loop_quarantine_config.cc:168] No entry found for renderer/main.
[7604:14012:0717/023812.271:VERBOSE1:base\allocator\scheduler_loop_quarantine_config.cc:168] No entry found for renderer/io.
[7604:14012:0717/023812.271:VERBOSE1:base\allocator\scheduler_loop_quarantine_config.cc:168] No entry found for renderer/main.
[7604:14012:0717/023812.274:INFO:third_party\webrtc\rtc_base\cpu_info.cc:77] Available number of cores: 8
[1656:15272:0717/023812.283:VERBOSE1:chrome\browser\profiles\profile_manager.cc:1407] AddKeepAlive(Default, kWebAppUpdate). keep_alives=[kWaitingForFirstBrowserWindow (1), kOffTheRecordProfile (1), kExtensionUpdater (3), kWebAppUpdate (1)]
[1656:15272:0717/023812.283:VERBOSE1:chrome\browser\web_applications\locks\partitioned_lock_manager.cc:286] Releasing <PartitionedLockId>{id: 0x706f6d6d61636c6362666768636c68616c626f616b636970636d6d6e6468636a, partition: 1} requested by InstallFromInfo@chrome\browser\web_applications\commands\external_app_resolution_command.cc:788
[1656:15272:0717/023812.284:VERBOSE1:chrome\browser\web_applications\locks\partitioned_lock_manager.cc:286] Releasing <PartitionedLockId>{id: 0x31, partition: 0} requested by InstallFromInfo@chrome\browser\web_applications\commands\external_app_resolution_command.cc:788
[1656:15272:0717/023812.284:VERBOSE1:chrome\browser\web_applications\locks\partitioned_lock_manager.cc:318] Acquiring <PartitionedLockId>{id: 0x31, partition: 0} for AdjustAppStateBeforeCommit@chrome\browser\web_applications\jobs\finalize_install_job.cc:702
[1656:15272:0717/023812.284:VERBOSE1:chrome\browser\web_applications\locks\partitioned_lock_manager.cc:243] All locks acquired for AdjustAppStateBeforeCommit@chrome\browser\web_applications\jobs\finalize_install_job.cc:702
[1656:15272:0717/023812.285:VERBOSE1:chrome\browser\web_applications\locks\partitioned_lock_manager.cc:286] Releasing <PartitionedLockId>{id: 0x30, partition: 0} requested by StartInstallationTask@chrome\browser\web_applications\externally_managed_app_manager.cc:411
[1656:15272:0717/023812.285:VERBOSE1:chrome\browser\profiles\profile_manager.cc:1468] RemoveKeepAlive(Default, kWebAppUpdate). keep_alives=[kWaitingForFirstBrowserWindow (1), kOffTheRecordProfile (1), kExtensionUpdater (3)]
[1656:15272:0717/023812.285:VERBOSE1:chrome\browser\web_applications\locks\partitioned_lock_manager.cc:286] Releasing <PartitionedLockId>{id: 0x31, partition: 0} requested by AdjustAppStateBeforeCommit@chrome\browser\web_applications\jobs\finalize_install_job.cc:702
[1656:15272:0717/023812.285:VERBOSE1:chrome\browser\web_applications\locks\partitioned_lock_manager.cc:318] Acquiring <PartitionedLockId>{id: 0x31, partition: 0} for ContinueSynchronization@chrome\browser\web_applications\externally_managed_app_manager.cc:736
[1656:15272:0717/023812.285:VERBOSE1:chrome\browser\web_applications\locks\partitioned_lock_manager.cc:243] All locks acquired for ContinueSynchronization@chrome\browser\web_applications\externally_managed_app_manager.cc:736
[1656:15272:0717/023812.287:VERBOSE1:chrome\browser\web_applications\locks\partitioned_lock_manager.cc:286] Releasing <PartitionedLockId>{id: 0x31, partition: 0} requested by ContinueSynchronization@chrome\browser\web_applications\externally_managed_app_manager.cc:736
[1656:15272:0717/023812.287:VERBOSE1:chrome\browser\web_applications\locks\partitioned_lock_manager.cc:318] Acquiring <PartitionedLockId>{id: 0x31, partition: 0} for MaybeStartNext@chrome\browser\web_applications\externally_managed_app_manager.cc:271
[1656:15272:0717/023812.287:VERBOSE1:chrome\browser\web_applications\locks\partitioned_lock_manager.cc:243] All locks acquired for MaybeStartNext@chrome\browser\web_applications\externally_managed_app_manager.cc:271
[1656:15272:0717/023812.288:VERBOSE1:chrome\browser\web_applications\locks\partitioned_lock_manager.cc:286] Releasing <PartitionedLockId>{id: 0x31, partition: 0} requested by MaybeStartNext@chrome\browser\web_applications\externally_managed_app_manager.cc:271
[10500:5084:0717/023812.289:VERBOSE1:net\third_party\quiche\src\quiche\quic\core\tls_handshaker.cc:109] TlsClient: Continuing handshake
[10500:5084:0717/023812.289:VERBOSE1:net\third_party\quiche\src\quiche\quic\core\tls_handshaker.cc:109] TlsClient: Continuing handshake
[10500:5084:0717/023812.289:VERBOSE1:net\third_party\quiche\src\quiche\quic\core\tls_handshaker.cc:109] TlsClient: Continuing handshake
[10500:5084:0717/023812.291:VERBOSE1:net\third_party\quiche\src\quiche\quic\core\tls_handshaker.cc:109] TlsClient: Continuing handshake
[1656:15272:0717/023812.367:VERBOSE1:components\signin\internal\identity_manager\mutable_profile_oauth2_token_service_delegate.cc:460] MutablePO2TS::RefreshTokenIsAvailable
[1656:6736:0717/023812.370:VERBOSE1:net\disk_cache\simple\simple_index_file.cc:625] Simple Cache Index is being restored from disk.
[1656:15272:0717/023812.371:VERBOSE1:chrome\browser\profiles\profile_manager.cc:1468] RemoveKeepAlive(Default, kExtensionUpdater). keep_alives=[kWaitingForFirstBrowserWindow (1), kOffTheRecordProfile (1), kExtensionUpdater (2)]
[1656:7276:0717/023812.377:VERBOSE1:net\disk_cache\simple\simple_index_file.cc:625] Simple Cache Index is being restored from disk.
[10500:11396:0717/023812.382:VERBOSE1:net\disk_cache\simple\simple_index_file.cc:625] Simple Cache Index is being restored from disk.
[1656:5736:0717/023812.398:VERBOSE1:extensions\browser\content_verifier\content_hash.cc:397] content mismatch for _locales/bg/messages.json
[1656:5736:0717/023812.398:VERBOSE1:extensions\browser\content_verifier\content_hash.cc:397] content mismatch for _locales/ca/messages.json
[1656:5736:0717/023812.398:VERBOSE1:extensions\browser\content_verifier\content_hash.cc:397] content mismatch for _locales/cs/messages.json
[1656:5736:0717/023812.398:VERBOSE1:extensions\browser\content_verifier\content_hash.cc:397] content mismatch for _locales/da/messages.json
[1656:5736:0717/023812.398:VERBOSE1:extensions\browser\content_verifier\content_hash.cc:397] content mismatch for _locales/de/messages.json
[1656:5736:0717/023812.398:VERBOSE1:extensions\browser\content_verifier\content_hash.cc:397] content mismatch for _locales/el/messages.json
[1656:5736:0717/023812.398:VERBOSE1:extensions\browser\content_verifier\content_hash.cc:397] content mismatch for _locales/en/messages.json
[1656:5736:0717/023812.398:VERBOSE1:extensions\browser\content_verifier\content_hash.cc:397] content mismatch for _locales/en_GB/messages.json
[1656:5736:0717/023812.398:VERBOSE1:extensions\browser\content_verifier\content_hash.cc:397] content mismatch for _locales/es/messages.json
[1656:5736:0717/023812.398:VERBOSE1:extensions\browser\content_verifier\content_hash.cc:397] content mismatch for _locales/es_419/messages.json
[1656:5736:0717/023812.398:VERBOSE1:extensions\browser\content_verifier\content_hash.cc:397] content mismatch for _locales/et/messages.json
[1656:5736:0717/023812.398:VERBOSE1:extensions\browser\content_verifier\content_hash.cc:397] content mismatch for _locales/fi/messages.json
[1656:5736:0717/023812.398:VERBOSE1:extensions\browser\content_verifier\content_hash.cc:397] content mismatch for _locales/fil/messages.json
[1656:5736:0717/023812.398:VERBOSE1:extensions\browser\content_verifier\content_hash.cc:397] content mismatch for _locales/fr/messages.json
[1656:5736:0717/023812.398:VERBOSE1:extensions\browser\content_verifier\content_hash.cc:397] content mismatch for _locales/hi/messages.json
[1656:5736:0717/023812.398:VERBOSE1:extensions\browser\content_verifier\content_hash.cc:397] content mismatch for _locales/hr/messages.json
[1656:5736:0717/023812.398:VERBOSE1:extensions\browser\content_verifier\content_hash.cc:397] content mismatch for _locales/hu/messages.json
[1656:5736:0717/023812.398:VERBOSE1:extensions\browser\content_verifier\content_hash.cc:397] content mismatch for _locales/id/messages.json
[1656:5736:0717/023812.398:VERBOSE1:extensions\browser\content_verifier\content_hash.cc:397] content mismatch for _locales/it/messages.json
[1656:5736:0717/023812.398:VERBOSE1:extensions\browser\content_verifier\content_hash.cc:397] content mismatch for _locales/ja/messages.json
[1656:5736:0717/023812.398:VERBOSE1:extensions\browser\content_verifier\content_hash.cc:397] content mismatch for _locales/ko/messages.json
[1656:5736:0717/023812.398:VERBOSE1:extensions\browser\content_verifier\content_hash.cc:397] content mismatch for _locales/lt/messages.json
[1656:5736:0717/023812.398:VERBOSE1:extensions\browser\content_verifier\content_hash.cc:397] content mismatch for _locales/lv/messages.json
[1656:5736:0717/023812.398:VERBOSE1:extensions\browser\content_verifier\content_hash.cc:397] content mismatch for _locales/nb/messages.json
[1656:5736:0717/023812.398:VERBOSE1:extensions\browser\content_verifier\content_hash.cc:397] content mismatch for _locales/nl/messages.json
[1656:5736:0717/023812.398:VERBOSE1:extensions\browser\content_verifier\content_hash.cc:397] content mismatch for _locales/pl/messages.json
[1656:5736:0717/023812.398:VERBOSE1:extensions\browser\content_verifier\content_hash.cc:397] content mismatch for _locales/pt_BR/messages.json
[1656:5736:0717/023812.398:VERBOSE1:extensions\browser\content_verifier\content_hash.cc:397] content mismatch for _locales/pt_PT/messages.json
[1656:5736:0717/023812.398:VERBOSE1:extensions\browser\content_verifier\content_hash.cc:397] content mismatch for _locales/ro/messages.json
[1656:5736:0717/023812.398:VERBOSE1:extensions\browser\content_verifier\content_hash.cc:397] content mismatch for _locales/ru/messages.json
[1656:5736:0717/023812.398:VERBOSE1:extensions\browser\content_verifier\content_hash.cc:397] content mismatch for _locales/sk/messages.json
[1656:5736:0717/023812.398:VERBOSE1:extensions\browser\content_verifier\content_hash.cc:397] content mismatch for _locales/sl/messages.json
[1656:5736:0717/023812.400:VERBOSE1:extensions\browser\content_verifier\content_hash.cc:397] content mismatch for _locales/sr/messages.json
[1656:5736:0717/023812.400:VERBOSE1:extensions\browser\content_verifier\content_hash.cc:397] content mismatch for _locales/sv/messages.json
[1656:5736:0717/023812.400:VERBOSE1:extensions\browser\content_verifier\content_hash.cc:397] content mismatch for _locales/th/messages.json
[1656:5736:0717/023812.400:VERBOSE1:extensions\browser\content_verifier\content_hash.cc:397] content mismatch for _locales/tr/messages.json
[1656:5736:0717/023812.400:VERBOSE1:extensions\browser\content_verifier\content_hash.cc:397] content mismatch for _locales/uk/messages.json
[1656:5736:0717/023812.400:VERBOSE1:extensions\browser\content_verifier\content_hash.cc:397] content mismatch for _locales/vi/messages.json
[1656:5736:0717/023812.400:VERBOSE1:extensions\browser\content_verifier\content_hash.cc:397] content mismatch for _locales/zh_CN/messages.json
[1656:5736:0717/023812.400:VERBOSE1:extensions\browser\content_verifier\content_hash.cc:397] content mismatch for _locales/zh_TW/messages.json
[1656:5736:0717/023812.400:VERBOSE1:extensions\browser\content_verifier\content_hash.cc:397] content mismatch for images/icon_128.png
[1656:5736:0717/023812.400:VERBOSE1:extensions\browser\content_verifier\content_hash.cc:397] content mismatch for images/icon_16.png
[1656:5736:0717/023812.400:VERBOSE1:extensions\browser\content_verifier\content_hash.cc:397] content mismatch for manifest.json
[1656:7592:0717/023812.403:VERBOSE1:extensions\browser\content_verifier\content_verifier.cc:944] OnFetchComplete nmmhkkegccagdldgiimedpiccmgmieda success:1
[15340:6380:0717/023812.404:VERBOSE1:base\allocator\scheduler_loop_quarantine_config.cc:168] No entry found for renderer/global.
[15340:6380:0717/023812.404:VERBOSE1:base\allocator\scheduler_loop_quarantine_config.cc:168] No entry found for renderer/*.
[15340:6380:0717/023812.404:VERBOSE1:base\allocator\scheduler_loop_quarantine_config.cc:168] No entry found for renderer/amsc.
[15340:6380:0717/023812.404:VERBOSE1:base\allocator\scheduler_loop_quarantine_config.cc:168] No entry found for renderer/main.
[15340:6380:0717/023812.404:VERBOSE1:base\allocator\scheduler_loop_quarantine_config.cc:168] No entry found for renderer/io.
[15340:6380:0717/023812.404:VERBOSE1:base\allocator\scheduler_loop_quarantine_config.cc:168] No entry found for renderer/main.
[15340:6380:0717/023812.406:INFO:third_party\webrtc\rtc_base\cpu_info.cc:77] Available number of cores: 8
[14564:10840:0717/023812.424:VERBOSE1:base\allocator\scheduler_loop_quarantine_config.cc:168] No entry found for renderer/global.
[14564:10840:0717/023812.424:VERBOSE1:base\allocator\scheduler_loop_quarantine_config.cc:168] No entry found for renderer/*.
[14564:10840:0717/023812.424:VERBOSE1:base\allocator\scheduler_loop_quarantine_config.cc:168] No entry found for renderer/amsc.
[14564:10840:0717/023812.424:VERBOSE1:base\allocator\scheduler_loop_quarantine_config.cc:168] No entry found for renderer/main.
[14564:10840:0717/023812.424:VERBOSE1:base\allocator\scheduler_loop_quarantine_config.cc:168] No entry found for renderer/io.
[14564:10840:0717/023812.424:VERBOSE1:base\allocator\scheduler_loop_quarantine_config.cc:168] No entry found for renderer/main.
[14564:10840:0717/023812.426:INFO:third_party\webrtc\rtc_base\cpu_info.cc:77] Available number of cores: 8
[15340:6380:0717/023812.447:VERBOSE1:extensions\renderer\script_context.cc:150] Created context:
  extension id:           nmmhkkegccagdldgiimedpiccmgmieda
  frame:                  0x142402030f88
  URL:                    
  context_type:           BLESSED_EXTENSION
  effective extension id: nmmhkkegccagdldgiimedpiccmgmieda
  effective context type: BLESSED_EXTENSION
[15340:6380:0717/023812.448:VERBOSE1:extensions\renderer\script_context.cc:150] Created context:
  extension id:           (none)
  frame:                  (nil)
  URL:                    
  context_type:           UNSPECIFIED
  effective extension id: (none)
  effective context type: UNSPECIFIED
[15340:6380:0717/023812.455:VERBOSE1:extensions\renderer\dispatcher.cc:494] Num tracked contexts: 1
[1656:7276:0717/023812.458:VERBOSE1:content\browser\loader\file_url_loader_factory.cc:470] FileURLLoader::Start: file:///C:/Users/Marques/AppData/Local/Temp/HeadlessChrome165620411765/Default/Extensions/nmmhkkegccagdldgiimedpiccmgmieda/1.0.0.6_0/craw_background.js
[1656:7592:0717/023812.458:VERBOSE1:extensions\browser\content_verifier\content_verifier.cc:944] OnFetchComplete nmmhkkegccagdldgiimedpiccmgmieda success:1
[1656:7592:0717/023812.476:ERROR:google_apis\gcm\engine\registration_request.cc:291] Registration response error message: PHONE_REGISTRATION_ERROR
[1656:7592:0717/023812.476:VERBOSE1:google_apis\gcm\engine\registration_request.cc:256] Delaying GCM registration of app: com.google.android.gms, for 21784 milliseconds.
[1656:7592:0717/023812.486:ERROR:google_apis\gcm\engine\registration_request.cc:291] Registration response error message: PHONE_REGISTRATION_ERROR
[1656:7592:0717/023812.486:VERBOSE1:google_apis\gcm\engine\registration_request.cc:256] Delaying GCM registration of app: com.google.chrome.fcm.invalidations-585406161706, for 27088 milliseconds.
[1656:15272:0717/023812.531:VERBOSE1:extensions\browser\install_signer.cc:349] Sending request: {"hash":"b14wSJpF2Hj8xNAAYBT5QcFtiSnG8CT4NMuxbucHFVI=","ids":["ghbmnnjooekpmoecnnnilnnbdlolhkhi"],"protocol_version":1}
[10500:5084:0717/023812.531:VERBOSE1:net\base\network_delegate.cc:38] NetworkDelegate::NotifyBeforeURLRequest: https://www.googleapis.com/chromewebstore/v1.1/items/verify
[1656:15272:0717/023812.533:VERBOSE1:chrome\browser\profiles\profile_manager.cc:1468] RemoveKeepAlive(Default, kExtensionUpdater). keep_alives=[kWaitingForFirstBrowserWindow (1), kOffTheRecordProfile (1), kExtensionUpdater (1)]
[1656:15272:0717/023812.533:VERBOSE1:chrome\browser\profiles\profile_manager.cc:1468] RemoveKeepAlive(Default, kExtensionUpdater). keep_alives=[kWaitingForFirstBrowserWindow (1), kOffTheRecordProfile (1)]
[1656:7276:0717/023812.546:VERBOSE1:content\browser\loader\file_url_loader_factory.cc:470] FileURLLoader::Start: file:///C:/Users/Marques/AppData/Local/Temp/HeadlessChrome165620411765/Default/Extensions/ghbmnnjooekpmoecnnnilnnbdlolhkhi/1.108.1_0/service_worker_bin_prod.js
[1656:5736:0717/023812.560:VERBOSE1:extensions\browser\content_verifier\content_hash.cc:397] content mismatch for 128.png
[1656:5736:0717/023812.560:VERBOSE1:extensions\browser\content_verifier\content_hash.cc:397] content mismatch for _locales/af/messages.json
[1656:5736:0717/023812.560:VERBOSE1:extensions\browser\content_verifier\content_hash.cc:397] content mismatch for _locales/am/messages.json
[1656:5736:0717/023812.560:VERBOSE1:extensions\browser\content_verifier\content_hash.cc:397] content mismatch for _locales/ar/messages.json
[1656:5736:0717/023812.560:VERBOSE1:extensions\browser\content_verifier\content_hash.cc:397] content mismatch for _locales/az/messages.json
[1656:5736:0717/023812.560:VERBOSE1:extensions\browser\content_verifier\content_hash.cc:397] content mismatch for _locales/bg/messages.json
[1656:5736:0717/023812.560:VERBOSE1:extensions\browser\content_verifier\content_hash.cc:397] content mismatch for _locales/bn/messages.json
[1656:5736:0717/023812.560:VERBOSE1:extensions\browser\content_verifier\content_hash.cc:397] content mismatch for _locales/ca/messages.json
[1656:5736:0717/023812.560:VERBOSE1:extensions\browser\content_verifier\content_hash.cc:397] content mismatch for _locales/cs/messages.json
[1656:5736:0717/023812.560:VERBOSE1:extensions\browser\content_verifier\content_hash.cc:397] content mismatch for _locales/da/messages.json
[1656:5736:0717/023812.560:VERBOSE1:extensions\browser\content_verifier\content_hash.cc:397] content mismatch for _locales/de/messages.json
[1656:5736:0717/023812.560:VERBOSE1:extensions\browser\content_verifier\content_hash.cc:397] content mismatch for _locales/el/messages.json
[1656:5736:0717/023812.560:VERBOSE1:extensions\browser\content_verifier\content_hash.cc:397] content mismatch for _locales/en/messages.json
[1656:5736:0717/023812.560:VERBOSE1:extensions\browser\content_verifier\content_hash.cc:397] content mismatch for _locales/en_CA/messages.json
[1656:5736:0717/023812.560:VERBOSE1:extensions\browser\content_verifier\content_hash.cc:397] content mismatch for _locales/en_GB/messages.json
[1656:5736:0717/023812.560:VERBOSE1:extensions\browser\content_verifier\content_hash.cc:397] content mismatch for _locales/en_US/messages.json
[1656:5736:0717/023812.560:VERBOSE1:extensions\browser\content_verifier\content_hash.cc:397] content mismatch for _locales/es/messages.json
[1656:5736:0717/023812.560:VERBOSE1:extensions\browser\content_verifier\content_hash.cc:397] content mismatch for _locales/es_419/messages.json
[1656:5736:0717/023812.560:VERBOSE1:extensions\browser\content_verifier\content_hash.cc:397] content mismatch for _locales/et/messages.json
[1656:5736:0717/023812.560:VERBOSE1:extensions\browser\content_verifier\content_hash.cc:397] content mismatch for _locales/fa/messages.json
[1656:5736:0717/023812.560:VERBOSE1:extensions\browser\content_verifier\content_hash.cc:397] content mismatch for _locales/fi/messages.json
[1656:5736:0717/023812.560:VERBOSE1:extensions\browser\content_verifier\content_hash.cc:397] content mismatch for _locales/fil/messages.json
[1656:5736:0717/023812.560:VERBOSE1:extensions\browser\content_verifier\content_hash.cc:397] content mismatch for _locales/fr/messages.json
[1656:5736:0717/023812.560:VERBOSE1:extensions\browser\content_verifier\content_hash.cc:397] content mismatch for _locales/fr_CA/messages.json
[1656:5736:0717/023812.560:VERBOSE1:extensions\browser\content_verifier\content_hash.cc:397] content mismatch for _locales/gu/messages.json
[1656:5736:0717/023812.560:VERBOSE1:extensions\browser\content_verifier\content_hash.cc:397] content mismatch for _locales/hi/messages.json
[1656:5736:0717/023812.560:VERBOSE1:extensions\browser\content_verifier\content_hash.cc:397] content mismatch for _locales/hr/messages.json
[1656:5736:0717/023812.560:VERBOSE1:extensions\browser\content_verifier\content_hash.cc:397] content mismatch for _locales/hu/messages.json
[1656:5736:0717/023812.560:VERBOSE1:extensions\browser\content_verifier\content_hash.cc:397] content mismatch for _locales/id/messages.json
[1656:5736:0717/023812.560:VERBOSE1:extensions\browser\content_verifier\content_hash.cc:397] content mismatch for _locales/it/messages.json
[1656:5736:0717/023812.560:VERBOSE1:extensions\browser\content_verifier\content_hash.cc:397] content mismatch for _locales/ja/messages.json
[1656:5736:0717/023812.560:VERBOSE1:extensions\browser\content_verifier\content_hash.cc:397] content mismatch for _locales/kk/messages.json
[1656:5736:0717/023812.560:VERBOSE1:extensions\browser\content_verifier\content_hash.cc:397] content mismatch for _locales/kn/messages.json
[1656:5736:0717/023812.560:VERBOSE1:extensions\browser\content_verifier\content_hash.cc:397] content mismatch for _locales/ko/messages.json
[1656:5736:0717/023812.560:VERBOSE1:extensions\browser\content_verifier\content_hash.cc:397] content mismatch for _locales/lt/messages.json
[1656:5736:0717/023812.560:VERBOSE1:extensions\browser\content_verifier\content_hash.cc:397] content mismatch for _locales/lv/messages.json
[1656:5736:0717/023812.560:VERBOSE1:extensions\browser\content_verifier\content_hash.cc:397] content mismatch for _locales/ml/messages.json
[1656:5736:0717/023812.560:VERBOSE1:extensions\browser\content_verifier\content_hash.cc:397] content mismatch for _locales/mr/messages.json
[1656:5736:0717/023812.560:VERBOSE1:extensions\browser\content_verifier\content_hash.cc:397] content mismatch for _locales/ms/messages.json
[1656:5736:0717/023812.560:VERBOSE1:extensions\browser\content_verifier\content_hash.cc:397] content mismatch for _locales/nl/messages.json
[1656:5736:0717/023812.560:VERBOSE1:extensions\browser\content_verifier\content_hash.cc:397] content mismatch for _locales/no/messages.json
[1656:5736:0717/023812.560:VERBOSE1:extensions\browser\content_verifier\content_hash.cc:397] content mismatch for _locales/pl/messages.json
[1656:5736:0717/023812.560:VERBOSE1:extensions\browser\content_verifier\content_hash.cc:397] content mismatch for _locales/pt_BR/messages.json
[1656:5736:0717/023812.560:VERBOSE1:extensions\browser\content_verifier\content_hash.cc:397] content mismatch for _locales/pt_PT/messages.json
[1656:5736:0717/023812.560:VERBOSE1:extensions\browser\content_verifier\content_hash.cc:397] content mismatch for _locales/ro/messages.json
[1656:5736:0717/023812.560:VERBOSE1:extensions\browser\content_verifier\content_hash.cc:397] content mismatch for _locales/ru/messages.json
[1656:5736:0717/023812.560:VERBOSE1:extensions\browser\content_verifier\content_hash.cc:397] content mismatch for _locales/sk/messages.json
[1656:5736:0717/023812.560:VERBOSE1:extensions\browser\content_verifier\content_hash.cc:397] content mismatch for _locales/sl/messages.json
[1656:5736:0717/023812.560:VERBOSE1:extensions\browser\content_verifier\content_hash.cc:397] content mismatch for _locales/sr/messages.json
[1656:5736:0717/023812.560:VERBOSE1:extensions\browser\content_verifier\content_hash.cc:397] content mismatch for _locales/sv/messages.json
[1656:5736:0717/023812.560:VERBOSE1:extensions\browser\content_verifier\content_hash.cc:397] content mismatch for _locales/sw/messages.json
[1656:5736:0717/023812.560:VERBOSE1:extensions\browser\content_verifier\content_hash.cc:397] content mismatch for _locales/ta/messages.json
[1656:5736:0717/023812.560:VERBOSE1:extensions\browser\content_verifier\content_hash.cc:397] content mismatch for _locales/te/messages.json
[1656:5736:0717/023812.560:VERBOSE1:extensions\browser\content_verifier\content_hash.cc:397] content mismatch for _locales/th/messages.json
[1656:5736:0717/023812.560:VERBOSE1:extensions\browser\content_verifier\content_hash.cc:397] content mismatch for _locales/tr/messages.json
[1656:5736:0717/023812.560:VERBOSE1:extensions\browser\content_verifier\content_hash.cc:397] content mismatch for _locales/uk/messages.json
[1656:5736:0717/023812.560:VERBOSE1:extensions\browser\content_verifier\content_hash.cc:397] content mismatch for _locales/ur/messages.json
[1656:5736:0717/023812.560:VERBOSE1:extensions\browser\content_verifier\content_hash.cc:397] content mismatch for _locales/uz/messages.json
[1656:5736:0717/023812.560:VERBOSE1:extensions\browser\content_verifier\content_hash.cc:397] content mismatch for _locales/vi/messages.json
[1656:5736:0717/023812.560:VERBOSE1:extensions\browser\content_verifier\content_hash.cc:397] content mismatch for _locales/zh_CN/messages.json
[1656:5736:0717/023812.560:VERBOSE1:extensions\browser\content_verifier\content_hash.cc:397] content mismatch for _locales/zh_TW/messages.json
[1656:5736:0717/023812.560:VERBOSE1:extensions\browser\content_verifier\content_hash.cc:397] content mismatch for manifest.json
[1656:7592:0717/023812.562:VERBOSE1:extensions\browser\content_verifier\content_verifier.cc:944] OnFetchComplete ghbmnnjooekpmoecnnnilnnbdlolhkhi success:1
[884:12700:0717/023812.574:VERBOSE1:base\allocator\scheduler_loop_quarantine_config.cc:168] No entry found for renderer/global.
[884:12700:0717/023812.574:VERBOSE1:base\allocator\scheduler_loop_quarantine_config.cc:168] No entry found for renderer/*.
[884:12700:0717/023812.574:VERBOSE1:base\allocator\scheduler_loop_quarantine_config.cc:168] No entry found for renderer/amsc.
[884:12700:0717/023812.574:VERBOSE1:base\allocator\scheduler_loop_quarantine_config.cc:168] No entry found for renderer/main.
[884:12700:0717/023812.574:VERBOSE1:base\allocator\scheduler_loop_quarantine_config.cc:168] No entry found for renderer/io.
[884:12700:0717/023812.574:VERBOSE1:base\allocator\scheduler_loop_quarantine_config.cc:168] No entry found for renderer/main.
[884:12700:0717/023812.576:INFO:third_party\webrtc\rtc_base\cpu_info.cc:77] Available number of cores: 8
[1656:7592:0717/023812.590:ERROR:google_apis\gcm\engine\mcs_client.cc:702]   Error code: 401  Error message: Authentication Failed: wrong_secret
[1656:7592:0717/023812.590:ERROR:google_apis\gcm\engine\mcs_client.cc:704] Failed to log in to GCM, resetting connection.
[884:10408:0717/023812.611:VERBOSE1:extensions\renderer\script_context.cc:150] Created context:
  extension id:           ghbmnnjooekpmoecnnnilnnbdlolhkhi
  frame:                  (nil)
  URL:                    
  context_type:           BLESSED_EXTENSION
  effective extension id: ghbmnnjooekpmoecnnnilnnbdlolhkhi
  effective context type: BLESSED_EXTENSION
[884:10408:0717/023812.611:VERBOSE1:extensions\renderer\script_context.cc:150] Created context:
  extension id:           (none)
  frame:                  (nil)
  URL:                    
  context_type:           UNSPECIFIED
  effective extension id: (none)
  effective context type: UNSPECIFIED
[1656:15272:0717/023812.931:VERBOSE1:extensions\browser\install_signer.cc:370] Got response: {
  "protocol_version": 1,
  "signature": "UP+XqQaeNjw29FIzhb6PplkOkz30ZKfVXptgtpDgD4Own9qfJddHF6whrAj2veb2GQYJ8cs9Ff5mQKNCX+ZbnfylCMgZtirLmfszB4MAgTUOiH2Fk185A8oCp3r1paJHwN9pbkYUs7BFhMv+tzlzpRsKnNfyBVIKpIeGqtOYnPt+EHEReai7+0ejdQ7i1avaFh4YxPmiggQb34oOv0WbItc55aZfpP2t8YFuFl4Zf6lcOlM4VyqQIh4PYbf4iSm6pQHI7QFHnOp7kWK27sTwZbPFKFkZ6PtqM6FNm5tq8ZjPV7YuB6lUv/IUCzMehzrua6/Sb3cr4ONuXS/T+81B7Q==",
  "expiry": "2026-10-08",
  "pubkey_sha1_hash": "a2159534e3753e716819beb8aae14b326927505a"
}

[1656:15272:0717/023813.261:VERBOSE1:chrome\browser\policy\cloud\fm_registration_token_uploader.cc:193] Client is missing for kUser scope
[1656:15272:0717/023814.549:VERBOSE1:components\segmentation_platform\internal\selection\segment_result_provider.cc:226] GetCachedModelScore: segment=OPTIMIZATION_TARGET_SEGMENTATION_CHROME_LOW_USER_ENGAGEMENT does not have a segment info.
[1656:15272:0717/023814.549:VERBOSE1:components\segmentation_platform\internal\selection\segment_result_provider.cc:172] OnGotModelScore: segment=OPTIMIZATION_TARGET_SEGMENTATION_CHROME_LOW_USER_ENGAGEMENT failed to get score from database, executing server model.
[1656:15272:0717/023814.549:VERBOSE1:components\segmentation_platform\internal\selection\segment_result_provider.cc:277] ExecuteModelAndGetScore: segment=OPTIMIZATION_TARGET_SEGMENTATION_CHROME_LOW_USER_ENGAGEMENT server segment info not available
[1656:15272:0717/023814.549:VERBOSE1:components\segmentation_platform\internal\selection\segment_result_provider.cc:201] OnGotModelScore: segment=OPTIMIZATION_TARGET_SEGMENTATION_CHROME_LOW_USER_ENGAGEMENT failed to get score from executing server model, getting score from default model from db.
[1656:15272:0717/023814.549:VERBOSE1:components\segmentation_platform\internal\selection\segment_result_provider.cc:240] GetCachedModelScore: segment=OPTIMIZATION_TARGET_SEGMENTATION_CHROME_LOW_USER_ENGAGEMENT has expired or unavailable result.
[1656:15272:0717/023814.549:VERBOSE1:components\segmentation_platform\internal\selection\segment_result_provider.cc:210] OnGotModelScore: segment=OPTIMIZATION_TARGET_SEGMENTATION_CHROME_LOW_USER_ENGAGEMENT failed to get database model score, trying default model.
[1656:15272:0717/023814.549:VERBOSE1:components\segmentation_platform\internal\selection\segment_result_provider.cc:295] ExecuteModelAndGetScore: segment=OPTIMIZATION_TARGET_SEGMENTATION_CHROME_LOW_USER_ENGAGEMENT signal collection not met
[1656:15272:0717/023814.550:VERBOSE1:components\segmentation_platform\internal\selection\segment_result_provider.cc:226] GetCachedModelScore: segment=OPTIMIZATION_TARGET_SEGMENTATION_SEARCH_USER does not have a segment info.
[1656:15272:0717/023814.550:VERBOSE1:components\segmentation_platform\internal\selection\segment_result_provider.cc:172] OnGotModelScore: segment=OPTIMIZATION_TARGET_SEGMENTATION_SEARCH_USER failed to get score from database, executing server model.
[1656:15272:0717/023814.550:VERBOSE1:components\segmentation_platform\internal\selection\segment_result_provider.cc:277] ExecuteModelAndGetScore: segment=OPTIMIZATION_TARGET_SEGMENTATION_SEARCH_USER server segment info not available
[1656:15272:0717/023814.550:VERBOSE1:components\segmentation_platform\internal\selection\segment_result_provider.cc:201] OnGotModelScore: segment=OPTIMIZATION_TARGET_SEGMENTATION_SEARCH_USER failed to get score from executing server model, getting score from default model from db.
[1656:15272:0717/023814.550:VERBOSE1:components\segmentation_platform\internal\selection\segment_result_provider.cc:240] GetCachedModelScore: segment=OPTIMIZATION_TARGET_SEGMENTATION_SEARCH_USER has expired or unavailable result.
[1656:15272:0717/023814.550:VERBOSE1:components\segmentation_platform\internal\selection\segment_result_provider.cc:210] OnGotModelScore: segment=OPTIMIZATION_TARGET_SEGMENTATION_SEARCH_USER failed to get database model score, trying default model.
[1656:15272:0717/023814.550:VERBOSE1:components\segmentation_platform\internal\selection\segment_result_provider.cc:295] ExecuteModelAndGetScore: segment=OPTIMIZATION_TARGET_SEGMENTATION_SEARCH_USER signal collection not met
[1656:15272:0717/023814.551:VERBOSE1:components\segmentation_platform\internal\selection\segment_result_provider.cc:226] GetCachedModelScore: segment=OPTIMIZATION_TARGET_SEGMENTATION_SHOPPING_USER does not have a segment info.
[1656:15272:0717/023814.551:VERBOSE1:components\segmentation_platform\internal\selection\segment_result_provider.cc:172] OnGotModelScore: segment=OPTIMIZATION_TARGET_SEGMENTATION_SHOPPING_USER failed to get score from database, executing server model.
[1656:15272:0717/023814.551:VERBOSE1:components\segmentation_platform\internal\selection\segment_result_provider.cc:277] ExecuteModelAndGetScore: segment=OPTIMIZATION_TARGET_SEGMENTATION_SHOPPING_USER server segment info not available
[1656:15272:0717/023814.551:VERBOSE1:components\segmentation_platform\internal\selection\segment_result_provider.cc:201] OnGotModelScore: segment=OPTIMIZATION_TARGET_SEGMENTATION_SHOPPING_USER failed to get score from executing server model, getting score from default model from db.
[1656:15272:0717/023814.551:VERBOSE1:components\segmentation_platform\internal\selection\segment_result_provider.cc:240] GetCachedModelScore: segment=OPTIMIZATION_TARGET_SEGMENTATION_SHOPPING_USER has expired or unavailable result.
[1656:15272:0717/023814.551:VERBOSE1:components\segmentation_platform\internal\selection\segment_result_provider.cc:210] OnGotModelScore: segment=OPTIMIZATION_TARGET_SEGMENTATION_SHOPPING_USER failed to get database model score, trying default model.
[1656:15272:0717/023814.551:VERBOSE1:components\segmentation_platform\internal\selection\segment_result_provider.cc:226] GetCachedModelScore: segment=CROSS_DEVICE_USER_SEGMENT does not have a segment info.
[1656:15272:0717/023814.551:VERBOSE1:components\segmentation_platform\internal\selection\segment_result_provider.cc:172] OnGotModelScore: segment=CROSS_DEVICE_USER_SEGMENT failed to get score from database, executing server model.
[1656:15272:0717/023814.551:VERBOSE1:components\segmentation_platform\internal\selection\segment_result_provider.cc:277] ExecuteModelAndGetScore: segment=CROSS_DEVICE_USER_SEGMENT server segment info not available
[1656:15272:0717/023814.551:VERBOSE1:components\segmentation_platform\internal\selection\segment_result_provider.cc:201] OnGotModelScore: segment=CROSS_DEVICE_USER_SEGMENT failed to get score from executing server model, getting score from default model from db.
[1656:15272:0717/023814.551:VERBOSE1:components\segmentation_platform\internal\selection\segment_result_provider.cc:240] GetCachedModelScore: segment=CROSS_DEVICE_USER_SEGMENT has expired or unavailable result.
[1656:15272:0717/023814.551:VERBOSE1:components\segmentation_platform\internal\selection\segment_result_provider.cc:210] OnGotModelScore: segment=CROSS_DEVICE_USER_SEGMENT failed to get database model score, trying default model.
[1656:15272:0717/023814.551:VERBOSE1:components\segmentation_platform\internal\selection\segment_result_provider.cc:295] ExecuteModelAndGetScore: segment=CROSS_DEVICE_USER_SEGMENT signal collection not met
[1656:15272:0717/023814.551:VERBOSE1:components\segmentation_platform\internal\selection\segment_result_provider.cc:226] GetCachedModelScore: segment=RESUME_HEAVY_USER_SEGMENT does not have a segment info.
[1656:15272:0717/023814.551:VERBOSE1:components\segmentation_platform\internal\selection\segment_result_provider.cc:172] OnGotModelScore: segment=RESUME_HEAVY_USER_SEGMENT failed to get score from database, executing server model.
[1656:15272:0717/023814.551:VERBOSE1:components\segmentation_platform\internal\selection\segment_result_provider.cc:277] ExecuteModelAndGetScore: segment=RESUME_HEAVY_USER_SEGMENT server segment info not available
[1656:15272:0717/023814.551:VERBOSE1:components\segmentation_platform\internal\selection\segment_result_provider.cc:201] OnGotModelScore: segment=RESUME_HEAVY_USER_SEGMENT failed to get score from executing server model, getting score from default model from db.
[1656:15272:0717/023814.551:VERBOSE1:components\segmentation_platform\internal\selection\segment_result_provider.cc:240] GetCachedModelScore: segment=RESUME_HEAVY_USER_SEGMENT has expired or unavailable result.
[1656:15272:0717/023814.551:VERBOSE1:components\segmentation_platform\internal\selection\segment_result_provider.cc:210] OnGotModelScore: segment=RESUME_HEAVY_USER_SEGMENT failed to get database model score, trying default model.
[1656:15272:0717/023814.551:VERBOSE1:components\segmentation_platform\internal\selection\segment_result_provider.cc:295] ExecuteModelAndGetScore: segment=RESUME_HEAVY_USER_SEGMENT signal collection not met
[1656:15272:0717/023814.551:VERBOSE1:components\segmentation_platform\internal\selection\segment_result_provider.cc:226] GetCachedModelScore: segment=PASSWORD_MANAGER_USER does not have a segment info.
[1656:15272:0717/023814.551:VERBOSE1:components\segmentation_platform\internal\selection\segment_result_provider.cc:172] OnGotModelScore: segment=PASSWORD_MANAGER_USER failed to get score from database, executing server model.
[1656:15272:0717/023814.551:VERBOSE1:components\segmentation_platform\internal\selection\segment_result_provider.cc:277] ExecuteModelAndGetScore: segment=PASSWORD_MANAGER_USER server segment info not available
[1656:15272:0717/023814.551:VERBOSE1:components\segmentation_platform\internal\selection\segment_result_provider.cc:201] OnGotModelScore: segment=PASSWORD_MANAGER_USER failed to get score from executing server model, getting score from default model from db.
[1656:15272:0717/023814.551:VERBOSE1:components\segmentation_platform\internal\selection\segment_result_provider.cc:240] GetCachedModelScore: segment=PASSWORD_MANAGER_USER has expired or unavailable result.
[1656:15272:0717/023814.551:VERBOSE1:components\segmentation_platform\internal\selection\segment_result_provider.cc:210] OnGotModelScore: segment=PASSWORD_MANAGER_USER failed to get database model score, trying default model.
[1656:15272:0717/023814.551:VERBOSE1:components\segmentation_platform\internal\selection\segment_result_provider.cc:295] ExecuteModelAndGetScore: segment=PASSWORD_MANAGER_USER signal collection not met
[1656:15272:0717/023814.551:VERBOSE1:components\segmentation_platform\internal\selection\segment_result_provider.cc:226] GetCachedModelScore: segment=CHROME_USER_ENGAGEMENT does not have a segment info.
[1656:15272:0717/023814.551:VERBOSE1:components\segmentation_platform\internal\selection\segment_result_provider.cc:172] OnGotModelScore: segment=CHROME_USER_ENGAGEMENT failed to get score from database, executing server model.
[1656:15272:0717/023814.551:VERBOSE1:components\segmentation_platform\internal\selection\segment_result_provider.cc:277] ExecuteModelAndGetScore: segment=CHROME_USER_ENGAGEMENT server segment info not available
[1656:5736:0717/023814.551:VERBOSE1:components\segmentation_platform\internal\database\ukm_database_backend.cc:352] Output from SQL query SELECT IFNULL(COUNT(metric_value),0)FROM uma_metrics WHERE metric_hash='1A94D82447638877' AND profile_id=? AND type=? AND metric_value IN(1)AND event_timestamp BETWEEN ? AND ? Bind values: 0:1874220707 1:2 2:2026-07-10 06:38:14.551399 UTC 3:2026-07-17 06:38:14.551399 UTC  Result: 0.000000,
[1656:15272:0717/023814.551:VERBOSE1:components\segmentation_platform\internal\selection\segment_result_provider.cc:201] OnGotModelScore: segment=CHROME_USER_ENGAGEMENT failed to get score from executing server model, getting score from default model from db.
[1656:15272:0717/023814.551:VERBOSE1:components\segmentation_platform\internal\selection\segment_result_provider.cc:240] GetCachedModelScore: segment=CHROME_USER_ENGAGEMENT has expired or unavailable result.
[1656:15272:0717/023814.551:VERBOSE1:components\segmentation_platform\internal\selection\segment_result_provider.cc:210] OnGotModelScore: segment=CHROME_USER_ENGAGEMENT failed to get database model score, trying default model.
[1656:15272:0717/023814.551:VERBOSE1:components\segmentation_platform\internal\selection\segment_result_provider.cc:295] ExecuteModelAndGetScore: segment=CHROME_USER_ENGAGEMENT signal collection not met
[1656:5736:0717/023814.551:VERBOSE1:components\segmentation_platform\internal\database\ukm_database_backend.cc:352] Output from SQL query SELECT IFNULL(COUNT(metric_value),0)FROM uma_metrics WHERE metric_hash='8A5076C9026398BD' AND profile_id=? AND type=? AND event_timestamp BETWEEN ? AND ? Bind values: 0:1874220707 1:1 2:2026-07-10 06:38:14.551399 UTC 3:2026-07-17 06:38:14.551399 UTC  Result: 0.000000,
[1656:5736:0717/023814.551:VERBOSE1:components\segmentation_platform\internal\database\ukm_database_backend.cc:352] Output from SQL query SELECT COALESCE((SELECT metric_value FROM uma_metrics WHERE metric_hash='ED7CFEC70BF9942D' AND profile_id=? AND type=? AND event_timestamp BETWEEN ? AND ? ORDER BY event_timestamp DESC,id DESC LIMIT 1),0.000000) Bind values: 0:1874220707 1:3 2:2026-07-10 06:38:14.551399 UTC 3:2026-07-17 06:38:14.551399 UTC  Result: 0.000000,
[1656:15272:0717/023814.552:VERBOSE1:components\segmentation_platform\internal\execution\model_executor_impl.cc:189] Segmentation model input:  feature 0: 0 feature 1: 0 feature 2: 0 feature 3: 0 for segment OPTIMIZATION_TARGET_SEGMENTATION_SHOPPING_USER
[1656:15272:0717/023814.552:VERBOSE1:components\segmentation_platform\internal\execution\model_executor_impl.cc:218] Segmentation model result:  output 0: 0 for segment OPTIMIZATION_TARGET_SEGMENTATION_SHOPPING_USER
[1656:15272:0717/023814.552:VERBOSE1:components\segmentation_platform\internal\execution\model_executor_impl.cc:276] Model: OPTIMIZATION_TARGET_SEGMENTATION_SHOPPING_USER version: 3 execution status: 0, output size: 1
[1656:15272:0717/023814.552:VERBOSE1:components\segmentation_platform\internal\selection\segment_result_provider.cc:29] ComputeDiscreteMapping: segment=: result=0, rank=0
[1656:15272:0717/023814.552:VERBOSE1:components\segmentation_platform\internal\selection\segment_result_provider.cc:359] OnModelExecuted: Default model executed successfully. Result: PredictionResult: timestamp: 13428743894552484 result 0: 0 for segment OPTIMIZATION_TARGET_SEGMENTATION_SHOPPING_USER
[1656:15272:0717/023814.552:VERBOSE1:components\segmentation_platform\internal\database\segment_info_database.cc:208] SaveSegmentResult: saving: PredictionResult: timestamp: 13428743894552484 result 0: 0 for segment id: OPTIMIZATION_TARGET_SEGMENTATION_SHOPPING_USER
[1656:15272:0717/023814.552:VERBOSE1:components\segmentation_platform\internal\database\cached_result_writer.cc:30] CachedResultWriter updating prefs with new result: PredictionResult: timestamp: 13428743894552484 result 0: 0 for segmentation key: shopping_user
[10500:5084:0717/023819.329:VERBOSE1:net\base\network_delegate.cc:38] NetworkDelegate::NotifyBeforeURLRequest: https://optimizationguide-pa.googleapis.com/v1:GetModels?key=AIzaSyA2KlwBX3mkFo30om9LUFYQhpqLoa_BNhE
[10500:5084:0717/023821.350:VERBOSE1:net\base\network_delegate.cc:38] NetworkDelegate::NotifyBeforeURLRequest: https://optimizationguide-pa.googleapis.com/downloads?name=1679317318&target=OPTIMIZATION_TARGET_LANGUAGE_DETECTION
[10500:5084:0717/023821.351:VERBOSE1:net\base\network_delegate.cc:38] NetworkDelegate::NotifyBeforeURLRequest: https://optimizationguide-pa.googleapis.com/downloads?name=1780930962&target=OPTIMIZATION_TARGET_NOTIFICATION_PERMISSION_PREDICTIONS
[5564:11484:0717/023821.938:VERBOSE1:base\allocator\scheduler_loop_quarantine_config.cc:168] No entry found for utility.qua...Quarantine/global.
[5564:11484:0717/023821.938:VERBOSE1:base\allocator\scheduler_loop_quarantine_config.cc:168] No entry found for utility.quara..om.Quarantine/*.
[5564:11484:0717/023821.938:VERBOSE1:base\allocator\scheduler_loop_quarantine_config.cc:168] No entry found for utility.quar..m.Quarantine/amsc.
[5564:11484:0717/023821.938:VERBOSE1:base\allocator\scheduler_loop_quarantine_config.cc:168] No entry found for utility/main.
[5564:11484:0717/023821.938:VERBOSE1:base\allocator\scheduler_loop_quarantine_config.cc:168] No entry found for utility/io.
[5564:11484:0717/023821.938:VERBOSE1:base\allocator\scheduler_loop_quarantine_config.cc:168] No entry found for utility.quar..m.Quarantine/main.
[14812:4244:0717/023822.035:VERBOSE1:base\allocator\scheduler_loop_quarantine_config.cc:168] No entry found for utility.qua...Quarantine/global.
[14812:4244:0717/023822.035:VERBOSE1:base\allocator\scheduler_loop_quarantine_config.cc:168] No entry found for utility.quara..om.Quarantine/*.
[14812:4244:0717/023822.035:VERBOSE1:base\allocator\scheduler_loop_quarantine_config.cc:168] No entry found for utility.quar..m.Quarantine/amsc.
[14812:4244:0717/023822.035:VERBOSE1:base\allocator\scheduler_loop_quarantine_config.cc:168] No entry found for utility/main.
[14812:4244:0717/023822.035:VERBOSE1:base\allocator\scheduler_loop_quarantine_config.cc:168] No entry found for utility/io.
[14812:4244:0717/023822.035:VERBOSE1:base\allocator\scheduler_loop_quarantine_config.cc:168] No entry found for utility.quar..m.Quarantine/main.
[10500:5084:0717/023822.087:VERBOSE1:net\base\network_delegate.cc:38] NetworkDelegate::NotifyBeforeURLRequest: https://optimizationguide-pa.googleapis.com/downloads?name=1673999601&target=OPTIMIZATION_TARGET_PAGE_VISIBILITY
[10500:5084:0717/023822.088:VERBOSE1:net\third_party\quiche\src\quiche\quic\core\tls_handshaker.cc:109] TlsClient: Continuing handshake
[10500:5084:0717/023822.124:VERBOSE1:net\third_party\quiche\src\quiche\quic\core\tls_handshaker.cc:109] TlsClient: Continuing handshake
[10500:5084:0717/023822.124:VERBOSE1:net\third_party\quiche\src\quiche\quic\core\tls_handshaker.cc:109] TlsClient: Continuing handshake
[10728:6072:0717/023822.135:VERBOSE1:base\allocator\scheduler_loop_quarantine_config.cc:168] No entry found for utility.unz..om.Unzipper/global.
[10728:6072:0717/023822.135:VERBOSE1:base\allocator\scheduler_loop_quarantine_config.cc:168] No entry found for utility.unzip.mojom.Unzipper/*.
[10728:6072:0717/023822.135:VERBOSE1:base\allocator\scheduler_loop_quarantine_config.cc:168] No entry found for utility.unzi..jom.Unzipper/amsc.
[10728:6072:0717/023822.135:VERBOSE1:base\allocator\scheduler_loop_quarantine_config.cc:168] No entry found for utility/main.
[10728:6072:0717/023822.135:VERBOSE1:base\allocator\scheduler_loop_quarantine_config.cc:168] No entry found for utility/io.
[10728:6072:0717/023822.135:VERBOSE1:base\allocator\scheduler_loop_quarantine_config.cc:168] No entry found for utility.unzi..jom.Unzipper/main.
[10500:5084:0717/023822.169:VERBOSE1:net\third_party\quiche\src\quiche\quic\core\tls_handshaker.cc:109] TlsClient: Continuing handshake
[10500:5084:0717/023822.169:VERBOSE1:net\third_party\quiche\src\quiche\quic\core\tls_handshaker.cc:109] TlsClient: Continuing handshake
[10500:5084:0717/023822.169:VERBOSE1:net\third_party\quiche\src\quiche\quic\core\tls_handshaker.cc:109] TlsClient: Continuing handshake
[10500:5084:0717/023822.169:VERBOSE1:net\third_party\quiche\src\quiche\quic\core\tls_handshaker.cc:109] TlsClient: Continuing handshake
[10500:5084:0717/023822.184:VERBOSE1:net\base\network_delegate.cc:38] NetworkDelegate::NotifyBeforeURLRequest: https://optimizationguide-pa.googleapis.com/downloads?name=5&target=OPTIMIZATION_TARGET_PAGE_TOPICS_V2
[1068:9476:0717/023822.222:VERBOSE1:base\allocator\scheduler_loop_quarantine_config.cc:168] No entry found for utility.unz..om.Unzipper/global.
[1068:9476:0717/023822.222:VERBOSE1:base\allocator\scheduler_loop_quarantine_config.cc:168] No entry found for utility.unzip.mojom.Unzipper/*.
[1068:9476:0717/023822.222:VERBOSE1:base\allocator\scheduler_loop_quarantine_config.cc:168] No entry found for utility.unzi..jom.Unzipper/amsc.
[1068:9476:0717/023822.222:VERBOSE1:base\allocator\scheduler_loop_quarantine_config.cc:168] No entry found for utility/main.
[1068:9476:0717/023822.222:VERBOSE1:base\allocator\scheduler_loop_quarantine_config.cc:168] No entry found for utility/io.
[1068:9476:0717/023822.222:VERBOSE1:base\allocator\scheduler_loop_quarantine_config.cc:168] No entry found for utility.unzi..jom.Unzipper/main.
[8944:15196:0717/023823.149:VERBOSE1:base\allocator\scheduler_loop_quarantine_config.cc:168] No entry found for utility.qua...Quarantine/global.
[8944:15196:0717/023823.149:VERBOSE1:base\allocator\scheduler_loop_quarantine_config.cc:168] No entry found for utility.quara..om.Quarantine/*.
[8944:15196:0717/023823.149:VERBOSE1:base\allocator\scheduler_loop_quarantine_config.cc:168] No entry found for utility.quar..m.Quarantine/amsc.
[8944:15196:0717/023823.149:VERBOSE1:base\allocator\scheduler_loop_quarantine_config.cc:168] No entry found for utility/main.
[8944:15196:0717/023823.149:VERBOSE1:base\allocator\scheduler_loop_quarantine_config.cc:168] No entry found for utility/io.
[8944:15196:0717/023823.149:VERBOSE1:base\allocator\scheduler_loop_quarantine_config.cc:168] No entry found for utility.quar..m.Quarantine/main.
[10500:5084:0717/023823.289:VERBOSE1:net\base\network_delegate.cc:38] NetworkDelegate::NotifyBeforeURLRequest: https://optimizationguide-pa.googleapis.com/downloads?name=1780930927&target=OPTIMIZATION_TARGET_GEOLOCATION_PERMISSION_PREDICTIONS
[6028:14072:0717/023823.325:VERBOSE1:base\allocator\scheduler_loop_quarantine_config.cc:168] No entry found for utility.unz..om.Unzipper/global.
[6028:14072:0717/023823.325:VERBOSE1:base\allocator\scheduler_loop_quarantine_config.cc:168] No entry found for utility.unzip.mojom.Unzipper/*.
[6028:14072:0717/023823.325:VERBOSE1:base\allocator\scheduler_loop_quarantine_config.cc:168] No entry found for utility.unzi..jom.Unzipper/amsc.
[6028:14072:0717/023823.325:VERBOSE1:base\allocator\scheduler_loop_quarantine_config.cc:168] No entry found for utility/main.
[6028:14072:0717/023823.325:VERBOSE1:base\allocator\scheduler_loop_quarantine_config.cc:168] No entry found for utility/io.
[6028:14072:0717/023823.325:VERBOSE1:base\allocator\scheduler_loop_quarantine_config.cc:168] No entry found for utility.unzi..jom.Unzipper/main.
[2888:14896:0717/023823.633:VERBOSE1:base\allocator\scheduler_loop_quarantine_config.cc:168] No entry found for utility.qua...Quarantine/global.
[2888:14896:0717/023823.633:VERBOSE1:base\allocator\scheduler_loop_quarantine_config.cc:168] No entry found for utility.quara..om.Quarantine/*.
[2888:14896:0717/023823.633:VERBOSE1:base\allocator\scheduler_loop_quarantine_config.cc:168] No entry found for utility.quar..m.Quarantine/amsc.
[2888:14896:0717/023823.633:VERBOSE1:base\allocator\scheduler_loop_quarantine_config.cc:168] No entry found for utility/main.
[2888:14896:0717/023823.633:VERBOSE1:base\allocator\scheduler_loop_quarantine_config.cc:168] No entry found for utility/io.
[2888:14896:0717/023823.634:VERBOSE1:base\allocator\scheduler_loop_quarantine_config.cc:168] No entry found for utility.quar..m.Quarantine/main.
[13628:11052:0717/023823.639:VERBOSE1:base\allocator\scheduler_loop_quarantine_config.cc:168] No entry found for utility.qua...Quarantine/global.
[13628:11052:0717/023823.639:VERBOSE1:base\allocator\scheduler_loop_quarantine_config.cc:168] No entry found for utility.quara..om.Quarantine/*.
[13628:11052:0717/023823.639:VERBOSE1:base\allocator\scheduler_loop_quarantine_config.cc:168] No entry found for utility.quar..m.Quarantine/amsc.
[13628:11052:0717/023823.639:VERBOSE1:base\allocator\scheduler_loop_quarantine_config.cc:168] No entry found for utility/main.
[13628:11052:0717/023823.639:VERBOSE1:base\allocator\scheduler_loop_quarantine_config.cc:168] No entry found for utility/io.
[13628:11052:0717/023823.639:VERBOSE1:base\allocator\scheduler_loop_quarantine_config.cc:168] No entry found for utility.quar..m.Quarantine/main.
[10500:5084:0717/023823.725:VERBOSE1:net\base\network_delegate.cc:38] NetworkDelegate::NotifyBeforeURLRequest: https://optimizationguide-pa.googleapis.com/downloads?name=1781017313&target=OPTIMIZATION_TARGET_CLIENT_SIDE_PHISHING
[2472:12920:0717/023823.757:VERBOSE1:base\allocator\scheduler_loop_quarantine_config.cc:168] No entry found for utility.unz..om.Unzipper/global.
[2472:12920:0717/023823.757:VERBOSE1:base\allocator\scheduler_loop_quarantine_config.cc:168] No entry found for utility.unzip.mojom.Unzipper/*.
[2472:12920:0717/023823.757:VERBOSE1:base\allocator\scheduler_loop_quarantine_config.cc:168] No entry found for utility.unzi..jom.Unzipper/amsc.
[2472:12920:0717/023823.757:VERBOSE1:base\allocator\scheduler_loop_quarantine_config.cc:168] No entry found for utility/main.
[2472:12920:0717/023823.757:VERBOSE1:base\allocator\scheduler_loop_quarantine_config.cc:168] No entry found for utility/io.
[2472:12920:0717/023823.757:VERBOSE1:base\allocator\scheduler_loop_quarantine_config.cc:168] No entry found for utility.unzi..jom.Unzipper/main.
[10500:5084:0717/023823.871:VERBOSE1:net\base\network_delegate.cc:38] NetworkDelegate::NotifyBeforeURLRequest: https://optimizationguide-pa.googleapis.com/downloads?name=1696268326&target=OPTIMIZATION_TARGET_OMNIBOX_URL_SCORING
[7112:1108:0717/023823.914:VERBOSE1:base\allocator\scheduler_loop_quarantine_config.cc:168] No entry found for utility.unz..om.Unzipper/global.
[7112:1108:0717/023823.914:VERBOSE1:base\allocator\scheduler_loop_quarantine_config.cc:168] No entry found for utility.unzip.mojom.Unzipper/*.
[7112:1108:0717/023823.914:VERBOSE1:base\allocator\scheduler_loop_quarantine_config.cc:168] No entry found for utility.unzi..jom.Unzipper/amsc.
[7112:1108:0717/023823.914:VERBOSE1:base\allocator\scheduler_loop_quarantine_config.cc:168] No entry found for utility/main.
[7112:1108:0717/023823.914:VERBOSE1:base\allocator\scheduler_loop_quarantine_config.cc:168] No entry found for utility/io.
[7112:1108:0717/023823.915:VERBOSE1:base\allocator\scheduler_loop_quarantine_config.cc:168] No entry found for utility.unzi..jom.Unzipper/main.
[10500:5084:0717/023824.125:VERBOSE1:components\domain_reliability\scheduler.cc:184] Scheduling upload for between 60 and 300 seconds from now.
[9516:5840:0717/023824.200:VERBOSE1:base\allocator\scheduler_loop_quarantine_config.cc:168] No entry found for utility.qua...Quarantine/global.
[9516:5840:0717/023824.200:VERBOSE1:base\allocator\scheduler_loop_quarantine_config.cc:168] No entry found for utility.quara..om.Quarantine/*.
[9516:5840:0717/023824.200:VERBOSE1:base\allocator\scheduler_loop_quarantine_config.cc:168] No entry found for utility.quar..m.Quarantine/amsc.
[9516:5840:0717/023824.200:VERBOSE1:base\allocator\scheduler_loop_quarantine_config.cc:168] No entry found for utility/main.
[9516:5840:0717/023824.200:VERBOSE1:base\allocator\scheduler_loop_quarantine_config.cc:168] No entry found for utility/io.
[9516:5840:0717/023824.200:VERBOSE1:base\allocator\scheduler_loop_quarantine_config.cc:168] No entry found for utility.quar..m.Quarantine/main.
[10500:5084:0717/023824.311:VERBOSE1:net\base\network_delegate.cc:38] NetworkDelegate::NotifyBeforeURLRequest: https://optimizationguide-pa.googleapis.com/downloads?name=1770062312&target=OPTIMIZATION_TARGET_PASSAGE_EMBEDDER
[5424:2852:0717/023824.343:VERBOSE1:base\allocator\scheduler_loop_quarantine_config.cc:168] No entry found for utility.unz..om.Unzipper/global.
[5424:2852:0717/023824.343:VERBOSE1:base\allocator\scheduler_loop_quarantine_config.cc:168] No entry found for utility.unzip.mojom.Unzipper/*.
[5424:2852:0717/023824.343:VERBOSE1:base\allocator\scheduler_loop_quarantine_config.cc:168] No entry found for utility.unzi..jom.Unzipper/amsc.
[5424:2852:0717/023824.343:VERBOSE1:base\allocator\scheduler_loop_quarantine_config.cc:168] No entry found for utility/main.
[5424:2852:0717/023824.343:VERBOSE1:base\allocator\scheduler_loop_quarantine_config.cc:168] No entry found for utility/io.
[5424:2852:0717/023824.343:VERBOSE1:base\allocator\scheduler_loop_quarantine_config.cc:168] No entry found for utility.unzi..jom.Unzipper/main.
[12172:7360:0717/023824.582:VERBOSE1:base\allocator\scheduler_loop_quarantine_config.cc:168] No entry found for utility.qua...Quarantine/global.
[12172:7360:0717/023824.582:VERBOSE1:base\allocator\scheduler_loop_quarantine_config.cc:168] No entry found for utility.quara..om.Quarantine/*.
[12172:7360:0717/023824.582:VERBOSE1:base\allocator\scheduler_loop_quarantine_config.cc:168] No entry found for utility.quar..m.Quarantine/amsc.
[12172:7360:0717/023824.582:VERBOSE1:base\allocator\scheduler_loop_quarantine_config.cc:168] No entry found for utility/main.
[12172:7360:0717/023824.582:VERBOSE1:base\allocator\scheduler_loop_quarantine_config.cc:168] No entry found for utility/io.
[12172:7360:0717/023824.583:VERBOSE1:base\allocator\scheduler_loop_quarantine_config.cc:168] No entry found for utility.quar..m.Quarantine/main.
[10500:5084:0717/023824.799:VERBOSE1:net\base\network_delegate.cc:38] NetworkDelegate::NotifyBeforeURLRequest: https://optimizationguide-pa.googleapis.com/downloads?name=240731042075&target=OPTIMIZATION_TARGET_SEGMENTATION_COMPOSE_PROMOTION
[5668:1420:0717/023824.854:VERBOSE1:base\allocator\scheduler_loop_quarantine_config.cc:168] No entry found for utility.unz..om.Unzipper/global.
[5668:1420:0717/023824.855:VERBOSE1:base\allocator\scheduler_loop_quarantine_config.cc:168] No entry found for utility.unzip.mojom.Unzipper/*.
[5668:1420:0717/023824.855:VERBOSE1:base\allocator\scheduler_loop_quarantine_config.cc:168] No entry found for utility.unzi..jom.Unzipper/amsc.
[5668:1420:0717/023824.855:VERBOSE1:base\allocator\scheduler_loop_quarantine_config.cc:168] No entry found for utility/main.
[5668:1420:0717/023824.855:VERBOSE1:base\allocator\scheduler_loop_quarantine_config.cc:168] No entry found for utility/io.
[5668:1420:0717/023824.855:VERBOSE1:base\allocator\scheduler_loop_quarantine_config.cc:168] No entry found for utility.unzi..jom.Unzipper/main.
[4068:5132:0717/023825.459:VERBOSE1:base\allocator\scheduler_loop_quarantine_config.cc:168] No entry found for utility.qua...Quarantine/global.
[4068:5132:0717/023825.460:VERBOSE1:base\allocator\scheduler_loop_quarantine_config.cc:168] No entry found for utility.quara..om.Quarantine/*.
[4068:5132:0717/023825.460:VERBOSE1:base\allocator\scheduler_loop_quarantine_config.cc:168] No entry found for utility.quar..m.Quarantine/amsc.
[4068:5132:0717/023825.460:VERBOSE1:base\allocator\scheduler_loop_quarantine_config.cc:168] No entry found for utility/main.
[4068:5132:0717/023825.460:VERBOSE1:base\allocator\scheduler_loop_quarantine_config.cc:168] No entry found for utility/io.
[4068:5132:0717/023825.460:VERBOSE1:base\allocator\scheduler_loop_quarantine_config.cc:168] No entry found for utility.quar..m.Quarantine/main.
[14300:7464:0717/023825.599:VERBOSE1:base\allocator\scheduler_loop_quarantine_config.cc:168] No entry found for utility.unz..om.Unzipper/global.
[14300:7464:0717/023825.599:VERBOSE1:base\allocator\scheduler_loop_quarantine_config.cc:168] No entry found for utility.unzip.mojom.Unzipper/*.
[14300:7464:0717/023825.599:VERBOSE1:base\allocator\scheduler_loop_quarantine_config.cc:168] No entry found for utility.unzi..jom.Unzipper/amsc.
[14300:7464:0717/023825.599:VERBOSE1:base\allocator\scheduler_loop_quarantine_config.cc:168] No entry found for utility/main.
[14300:7464:0717/023825.599:VERBOSE1:base\allocator\scheduler_loop_quarantine_config.cc:168] No entry found for utility/io.
[14300:7464:0717/023825.599:VERBOSE1:base\allocator\scheduler_loop_quarantine_config.cc:168] No entry found for utility.unzi..jom.Unzipper/main.
[1656:15272:0717/023825.617:VERBOSE1:components\segmentation_platform\internal\signals\signal_filter_processor.cc:61] Segmentation platform started observing Session.TotalDuration
[1656:15272:0717/023825.617:VERBOSE1:components\segmentation_platform\internal\signals\signal_filter_processor.cc:61] Segmentation platform started observing Commerce.PriceDrops.ActiveTabNavigationComplete.IsProductDetailPage
[1656:15272:0717/023825.617:VERBOSE1:components\segmentation_platform\internal\signals\signal_filter_processor.cc:54] Segmentation platform started observing Autofill_PolledCreditCardSuggestions
[1656:15272:0717/023825.617:VERBOSE1:components\segmentation_platform\internal\signals\signal_filter_processor.cc:61] Segmentation platform started observing IOS.ParcelTracking.Tracked.AutoTrack
[1656:15272:0717/023825.617:VERBOSE1:components\segmentation_platform\internal\signals\signal_filter_processor.cc:61] Segmentation platform started observing Omnibox.SuggestionUsed.ClientSummarizedResultType
[1656:15272:0717/023825.617:VERBOSE1:components\segmentation_platform\internal\signals\signal_filter_processor.cc:54] Segmentation platform started observing MetadataWriter
[1656:15272:0717/023825.617:VERBOSE1:components\segmentation_platform\internal\signals\signal_filter_processor.cc:61] Segmentation platform started observing Sync.DeviceCount2
[1656:15272:0717/023825.617:VERBOSE1:components\segmentation_platform\internal\signals\signal_filter_processor.cc:61] Segmentation platform started observing Sync.DeviceCount2.Phone
[1656:15272:0717/023825.617:VERBOSE1:components\segmentation_platform\internal\signals\signal_filter_processor.cc:61] Segmentation platform started observing Sync.DeviceCount2.Desktop
[1656:15272:0717/023825.617:VERBOSE1:components\segmentation_platform\internal\signals\signal_filter_processor.cc:61] Segmentation platform started observing Sync.DeviceCount2.Tablet
[1656:15272:0717/023825.617:VERBOSE1:components\segmentation_platform\internal\signals\signal_filter_processor.cc:54] Segmentation platform started observing MobileBookmarkManagerOpen
[1656:15272:0717/023825.617:VERBOSE1:components\segmentation_platform\internal\signals\signal_filter_processor.cc:54] Segmentation platform started observing NewTabPage.MostVisited.Clicked
[1656:15272:0717/023825.617:VERBOSE1:components\segmentation_platform\internal\signals\signal_filter_processor.cc:54] Segmentation platform started observing TabGroup.Created.OpenInNewTab
[1656:15272:0717/023825.617:VERBOSE1:components\segmentation_platform\internal\signals\signal_filter_processor.cc:54] Segmentation platform started observing Android.HistoryPage.OpenItem
[1656:15272:0717/023825.617:VERBOSE1:components\segmentation_platform\internal\signals\signal_filter_processor.cc:54] Segmentation platform started observing MobileMenuRecentTabs
[1656:15272:0717/023825.617:VERBOSE1:components\segmentation_platform\internal\signals\signal_filter_processor.cc:61] Segmentation platform started observing PasswordManager.ManagePasswordsReferrer
[1656:15272:0717/023825.617:VERBOSE1:components\segmentation_platform\internal\signals\signal_filter_processor.cc:61] Segmentation platform started observing PasswordManager.ProfileStore.TotalAccountsHiRes3.WithScheme.Https
[1656:15272:0717/023825.617:VERBOSE1:components\segmentation_platform\internal\signals\signal_filter_processor.cc:61] Segmentation platform started observing PasswordManager.FillingAssistance
[1656:15272:0717/023825.617:VERBOSE1:components\segmentation_platform\internal\signals\signal_filter_processor.cc:61] Segmentation platform started observing PasswordManager.SavedPasswordIsGenerated
[1656:15272:0717/023825.617:VERBOSE1:components\segmentation_platform\internal\signals\signal_filter_processor.cc:61] Segmentation platform started observing PasswordManager.SaveUIDismissalReason
[1656:15272:0717/023825.617:VERBOSE1:components\segmentation_platform\internal\signals\signal_filter_processor.cc:61] Segmentation platform started observing PasswordManager.SaveUIDismissalReason
[1656:15272:0717/023825.617:VERBOSE1:components\segmentation_platform\internal\signals\signal_filter_processor.cc:61] Segmentation platform started observing IOS.CredentialExtension.IsEnabled.Startup
[1656:15272:0717/023825.617:VERBOSE1:components\segmentation_platform\internal\signals\signal_filter_processor.cc:61] Segmentation platform started observing Session.TotalDuration
[1656:15272:0717/023828.253:VERBOSE1:chrome\updater\ipc\update_service_proxy_mojo.cc:194] GetVersion
[1656:15272:0717/023828.253:VERBOSE1:chrome\updater\ipc\update_service_proxy_mojo.cc:446] EnsureConnecting
[8544:9376:0717/023832.717:VERBOSE1:base\allocator\scheduler_loop_quarantine_config.cc:168] No entry found for utility.qua...Quarantine/global.
[8544:9376:0717/023832.717:VERBOSE1:base\allocator\scheduler_loop_quarantine_config.cc:168] No entry found for utility.quara..om.Quarantine/*.
[8544:9376:0717/023832.717:VERBOSE1:base\allocator\scheduler_loop_quarantine_config.cc:168] No entry found for utility.quar..m.Quarantine/amsc.
[8544:9376:0717/023832.717:VERBOSE1:base\allocator\scheduler_loop_quarantine_config.cc:168] No entry found for utility/main.
[8544:9376:0717/023832.717:VERBOSE1:base\allocator\scheduler_loop_quarantine_config.cc:168] No entry found for utility/io.
[8544:9376:0717/023832.718:VERBOSE1:base\allocator\scheduler_loop_quarantine_config.cc:168] No entry found for utility.quar..m.Quarantine/main.
[1416:9492:0717/023833.158:VERBOSE1:base\allocator\scheduler_loop_quarantine_config.cc:168] No entry found for utility.unz..om.Unzipper/global.
[1416:9492:0717/023833.158:VERBOSE1:base\allocator\scheduler_loop_quarantine_config.cc:168] No entry found for utility.unzip.mojom.Unzipper/*.
[1416:9492:0717/023833.158:VERBOSE1:base\allocator\scheduler_loop_quarantine_config.cc:168] No entry found for utility.unzi..jom.Unzipper/amsc.
[1416:9492:0717/023833.158:VERBOSE1:base\allocator\scheduler_loop_quarantine_config.cc:168] No entry found for utility/main.
[1416:9492:0717/023833.159:VERBOSE1:base\allocator\scheduler_loop_quarantine_config.cc:168] No entry found for utility/io.
[1416:9492:0717/023833.159:VERBOSE1:base\allocator\scheduler_loop_quarantine_config.cc:168] No entry found for utility.unzi..jom.Unzipper/main.
[10500:5084:0717/023834.270:VERBOSE1:net\base\network_delegate.cc:38] NetworkDelegate::NotifyBeforeURLRequest: https://android.clients.google.com/c2dm/register3
[10500:5084:0717/023834.271:VERBOSE1:net\third_party\quiche\src\quiche\quic\core\tls_handshaker.cc:109] TlsClient: Continuing handshake
[10500:5084:0717/023834.272:VERBOSE1:net\third_party\quiche\src\quiche\quic\core\tls_handshaker.cc:109] TlsClient: Continuing handshake
[10500:5084:0717/023834.272:VERBOSE1:net\third_party\quiche\src\quiche\quic\core\tls_handshaker.cc:130] TlsClient: SSL_do_handshake returned when entering early data. After retry, rv=-1, SSL_in_early_data=1
[10500:5084:0717/023834.352:VERBOSE1:net\third_party\quiche\src\quiche\quic\core\tls_handshaker.cc:109] TlsClient: Continuing handshake
[10500:5084:0717/023834.352:VERBOSE1:net\third_party\quiche\src\quiche\quic\core\tls_handshaker.cc:109] TlsClient: Continuing handshake
[1656:7592:0717/023834.616:ERROR:google_apis\gcm\engine\registration_request.cc:291] Registration response error message: DEPRECATED_ENDPOINT
[1656:7592:0717/023834.616:VERBOSE1:google_apis\gcm\engine\registration_request.cc:256] Delaying GCM registration of app: com.google.android.gms, for 44861 milliseconds.
